出表日期,年度,季別,公司代號,公司名稱,產業別,基本每股盈餘(元),普通股每股面額,營業收入,營業利益,營業外收入及支出,稅後淨利
1100421,109,4,1101,台灣水泥股份有限公司,水泥工業,4.32,新台幣                 10.0000元,114367247,31341817,4011489,27991393
1100421,109,4,1102,亞洲水泥股份有限公司,水泥工業,4.7,新台幣                 10.0000元,78240880,19670138,4473745,18773807
1100421,109,4,1103,嘉新水泥股份有限公司,水泥工業,2.74,新台幣                 10.0000元,2058417,822567,1283475,1837994
1100421,109,4,1104,環球水泥股份有限公司,水泥工業,1.91,新台幣                 10.0000元,5426217,493142,804372,1259795
1100421,109,4,1108,幸福水泥股份有限公司,水泥工業,0.97,新台幣                 10.0000元,4530172,447475,-3067,392269
1100421,109,4,1109,信大水泥股份有限公司,水泥工業,2.94,新台幣                 10.0000元,7593294,2102359,16072,1448873
1100421,109,4,1110,東南水泥股份有限公司,水泥工業,0.04,新台幣                 10.0000元,1590986,-30573,38003,16949
1100421,109,4,1201,味全食品工業股份有限公司,食品工業,1.06,新台幣                 10.0000元,18650871,595053,-52165,536142
1100421,109,4,1203,味王股份有限公司,食品工業,1.81,新台幣                 10.0000元,6043700,974911,-33621,693921
1100421,109,4,1210,大成長城企業股份有限公司,食品工業,3.99,新台幣                 10.0000元,81650892,4211948,771540,4072346
1100421,109,4,1213,大西洋飲料股份有限公司,食品工業,-0.48,新台幣                 10.0000元,409612,-52448,21887,-27252
1100421,109,4,1215,台灣卜蜂企業股份有限公司,食品工業,6.18,新台幣                 10.0000元,22189635,1898598,150601,1639876
1100421,109,4,1216,統一企業股份有限公司,食品工業,3.79,新台幣                 10.0000元,447319979,29783891,8654130,30800665
1100421,109,4,1217,愛之味股份有限公司,食品工業,0.47,新台幣                 10.0000元,4614486,216101,94209,249394
1100421,109,4,1218,泰山企業股份有限公司,食品工業,1.75,新台幣                 10.0000元,8356125,316542,589508,851541
1100421,109,4,1219,福壽實業股份有限公司,食品工業,1.91,新台幣                 10.0000元,12324165,331428,344301,565233
1100421,109,4,1220,台榮產業股份有限公司,食品工業,1.02,新台幣                 10.0000元,2775071,218349,18405,189740
1100421,109,4,1225,福懋油脂股份有限公司,食品工業,1.72,新台幣                 10.0000元,10213493,508157,55015,417787
1100421,109,4,1227,佳格食品股份有限公司,食品工業,3.54,新台幣                 10.0000元,34466244,4044179,244532,3255830
1100421,109,4,1229,聯華實業投資控股股份有限公司,食品工業,2.43,新台幣                 10.0000元,9544161,1050062,2582307,3499454
1100421,109,4,1231,聯華食品工業股份有限公司,食品工業,3.74,新台幣                 10.0000元,8817321,739250,112330,685698
1100421,109,4,1232,大統益股份有限公司,食品工業,8.08,新台幣                 10.0000元,17440979,1618136,34153,1322623
1100421,109,4,1233,天仁茶業股份有限公司,食品工業,0.63,新台幣                 10.0000元,1906194,64982,5091,57383
1100421,109,4,1234,黑松股份有限公司,食品工業,2.22,新台幣                 10.0000元,9204945,615536,419553,890163
1100421,109,4,1235,興泰實業股份有限公司,食品工業,0.65,新台幣                 10.0000元,78579,17800,52600,65636
1100421,109,4,1236,宏亞食品股份有限公司,食品工業,0,新台幣                 10.0000元,1637280,-11492,11667,180
1100421,109,4,1256,鮮活控股股份有限公司,食品工業,22.99,新台幣                 10.0000元,3479683,990006,29173,776806
1100421,109,4,1301,台灣塑膠工業股份有限公司,塑膠工業,3.15,新台幣                 10.0000元,185813405,17099215,7067452,20036199
1100421,109,4,1303,南亞塑膠工業股份有限公司,塑膠工業,3.24,新台幣                 10.0000元,273353806,21220106,9217634,26888091
1100421,109,4,1304,台灣聚合化學品股份有限公司,塑膠工業,2.25,新台幣                 10.0000元,50201273,6896016,222706,5682637
1100421,109,4,1305,華夏海灣塑膠股份有限公司,塑膠工業,2.95,新台幣                 10.0000元,13733148,2153552,7513,1791710
1100421,109,4,1307,三芳化學工業股份有限公司,塑膠工業,0.55,新台幣                 10.0000元,8441756,498351,-154098,218012
1100421,109,4,1308,亞洲聚合股份有限公司,塑膠工業,1.9,新台幣                 10.0000元,5703546,922303,363108,1103587
1100421,109,4,1309,台達化學工業股份有限公司,塑膠工業,5.58,新台幣                 10.0000元,15498381,2421463,60526,1919818
1100421,109,4,1310,台灣苯乙烯工業股份有限公司,塑膠工業,0.55,新台幣                 10.0000元,8113225,90328,278929,289723
1100421,109,4,1312,國喬石油化學股份有限公司,塑膠工業,4.52,新台幣                 10.0000元,16575784,1756878,3352473,4320555
1100421,109,4,1313,聯成化學科技股份有限公司,塑膠工業,1.62,新台幣                 10.0000元,51866839,2273210,410070,2134320
1100421,109,4,1314,中國石油化學工業開發(股)公司,塑膠工業,0.21,新台幣                 10.0000元,17583092,-1812878,1916654,674660
1100421,109,4,1315,達新工業股份有限公司,塑膠工業,31.97,新台幣                 10.0000元,2233540,38033,5895141,5430211
1100421,109,4,1316,上曜建設開發股份有限公司,建材營造,0.2,新台幣                 10.0000元,1236441,-31944,-72399,65067
1100421,109,4,1319,東陽實業廠股份有限公司,汽車工業,1.39,新台幣                 10.0000元,17322986,539628,345129,742587
1100421,109,4,1321,大洋塑膠工業股份有限公司,塑膠工業,3.24,新台幣                 10.0000元,4980018,232694,169019,715152
1100421,109,4,1323,永裕塑膠工業股份有限公司,塑膠工業,3.2,新台幣                 10.0000元,3406532,461883,11645,353094
1100421,109,4,1324,地球綜合工業股份有限公司,塑膠工業,0.22,新台幣                 10.0000元,1055758,16099,6644,16364
1100421,109,4,1325,恒大股份有限公司,塑膠工業,23.16,新台幣                 10.0000元,4056858,2524727,6686,2014576
1100421,109,4,1326,台灣化學纖維股份有限公司,塑膠工業,3.34,新台幣                 10.0000元,253294668,15323620,9444067,21553709
1100421,109,4,1337,亞洲塑膠再生資源控股有限公司,塑膠工業,-4.88,新台幣                 10.0000元,1008157,-1349250,36448,-1312802
1100421,109,4,1338,廣華控股有限公司,汽車工業,3.51,新台幣                 10.0000元,6166478,256038,161554,287319
1100421,109,4,1339,昭輝實業股份有限公司,汽車工業,1.59,新台幣                 10.0000元,2120901,350443,-171746,119613
1100421,109,4,1340,勝悅新材料有限公司,塑膠工業,-2.55,新台幣                 10.0000元,656406,-400911,7105,-389742
1100421,109,4,1341,富林塑膠工業(開曼)控股(股)公司,塑膠工業,6.29,新台幣                 10.0000元,2664416,393564,3088,310881
1100421,109,4,1342,八貫企業股份有限公司,其他,3.15,新台幣                 10.0000元,1531351,249768,-1422,196227
1100421,109,4,1402,遠東新世紀股份有限公司,紡織纖維,1.62,新台幣                 10.0000元,206769281,10002311,6121173,12980539
1100421,109,4,1409,新光合成纖維股份有限公司,紡織纖維,1.79,新台幣                 10.0000元,32128967,0,0,3639884
1100421,109,4,1410,南洋染整股份有限公司,紡織纖維,0.95,新台幣                 10.0000元,416256,87481,-6611,62551
1100421,109,4,1413,宏洲纖維工業股份有限公司,紡織纖維,-1.23,新台幣                 10.0000元,1558963,-164067,2155,-162038
1100421,109,4,1414,東和紡織股份有限公司,紡織纖維,0.27,新台幣                 10.0000元,702471,-12098,74561,58588
1100421,109,4,1416,廣豐實業股份有限公司,其他,-1.85,新台幣                 10.0000元,20370,-171932,-141831,-343732
1100421,109,4,1417,嘉裕股份有限公司,紡織纖維,-1.86,新台幣                 10.0000元,1035869,-358512,105144,-353043
1100421,109,4,1418,東華合纖股份有限公司,紡織纖維,-4.2,新台幣                 10.0000元,100142,-273258,51976,-228235
1100421,109,4,1419,新光紡織股份有限公司,紡織纖維,1.22,新台幣                 10.0000元,2149213,163447,232509,364492
1100421,109,4,1423,利華羊毛工業股份有限公司,紡織纖維,2.56,新台幣                 10.0000元,202723,-197386,602193,354023
1100421,109,4,1432,大魯閣實業股份有限公司,貿易百貨,0,新台幣                 10.0000元,1154819,-44392,61377,15844
1100421,109,4,1434,福懋興業股份有限公司,紡織纖維,1.25,新台幣                 10.0000元,28783492,576346,1686216,2095306
1100421,109,4,1435,中福國際(股)公司,其他,-0.17,新台幣                 10.0000元,15053,-20233,-1055,-21435
1100421,109,4,1436,華友聯開發股份有限公司(原福益),建材營造,1.88,新台幣                 10.0000元,1631881,272906,-82228,179648
1100421,109,4,1437,勤益投資控股股份有限公司,其他,1.76,新台幣                 10.0000元,605384,361727,66507,356977
1100421,109,4,1438,三地開發地產股份有限公司,建材營造,0.45,新台幣                 10.0000元,98432,46003,1372,45919
1100421,109,4,1439,中和羊毛工業股份有限公司,紡織纖維,-2.65,新台幣                 10.0000元,113119,-30221,-207481,-243523
1100421,109,4,1440,臺南紡織股份有限公司,紡織纖維,0.57,新台幣                 10.0000元,17628221,-188624,1176701,971261
1100421,109,4,1441,大東紡織股份有限公司,紡織纖維,-2.46,新台幣                 10.0000元,1509851,-250055,-47090,-292272
1100421,109,4,1442,名軒開發股份有限公司,建材營造,0.25,新台幣                 10.0000元,2231333,109735,-18484,76808
1100421,109,4,1443,立益紡織股份有限公司,紡織纖維,-0.29,新台幣                 10.0000元,569401,90736,-138651,-58737
1100421,109,4,1444,力麗企業股份有限公司,紡織纖維,-0.38,新台幣                 10.0000元,8373609,-250160,-209535,-424828
1100421,109,4,1445,大宇紡織股份有限公司,紡織纖維,-0.44,新台幣                 10.0000元,917470,-121883,38048,-57906
1100421,109,4,1446,宏和精密紡織股份有限公司,紡織纖維,-0.05,新台幣                 10.0000元,490557,2682,-15612,-7438
1100421,109,4,1447,力鵬企業股份有限公司,紡織纖維,-0.48,新台幣                 10.0000元,13559461,-356736,-176123,-414333
1100421,109,4,1449,佳和實業股份有限公司,紡織纖維,-1.46,新台幣                 10.0000元,1929151,-269080,158939,-127030
1100421,109,4,1451,年興紡織股份有限公司,紡織纖維,-2.14,新台幣                 10.0000元,7019373,-299917,-248145,-423066
1100421,109,4,1452,宏益纖維工業股份有限公司,紡織纖維,0.74,新台幣                 10.0000元,1271905,41448,61534,97497
1100421,109,4,1453,大將開發股份有限公司,紡織纖維,0.15,新台幣                 10.0000元,219411,10630,4346,15301
1100421,109,4,1454,台灣富綢纖維股份有限公司,紡織纖維,-0.31,新台幣                 10.0000元,1204928,-96664,37639,-38295
1100421,109,4,1455,集盛實業股份有限公司,紡織纖維,-0.07,新台幣                 10.0000元,7675607,-279614,244812,-40115
1100421,109,4,1456,怡華實業股份有限公司,紡織纖維,0.73,新台幣                 10.0000元,716457,150968,-80947,68064
1100421,109,4,1457,宜進實業股份有限公司,紡織纖維,2.89,新台幣                 10.0000元,2707215,905331,-95044,556686
1100421,109,4,1459,聯發紡織纖維股份有限公司,紡織纖維,-0.58,新台幣                 10.0000元,1783734,-226375,44413,-183707
1100421,109,4,1460,宏遠興業股份有限公司,紡織纖維,-1.94,新台幣                 10.0000元,7343877,-851834,-80428,-936989
1100421,109,4,1463,強盛染整股份有限公司,紡織纖維,0.33,新台幣                 10.0000元,441609,8363,58629,61102
1100421,109,4,1464,得力實業股份有限公司,紡織纖維,-0.54,新台幣                 10.0000元,8594659,3155,-294957,-206633
1100421,109,4,1465,偉全實業股份有限公司,紡織纖維,-0.24,新台幣                 10.0000元,425282,-16888,-19703,-25072
1100421,109,4,1466,聚隆纖維股份有限公司,紡織纖維,0.38,新台幣                 10.0000元,2635433,14750,28284,40489
1100421,109,4,1467,南緯實業股份有限公司,紡織纖維,0.72,新台幣                 10.0000元,8598587,432561,-166059,164775
1100421,109,4,1468,昶和纖維興業股份有限公司,紡織纖維,0.26,新台幣                 10.0000元,961757,-2307,47490,45183
1100421,109,4,1470,大統新創股份有限公司,紡織纖維,0.41,新台幣                 10.0000元,630757,19006,21825,35414
1100421,109,4,1471,首利實業股份有限公司,電子零組件業,2.63,新台幣                 10.0000元,1085366,-105164,524903,396093
1100421,109,4,1472,三洋紡織纖維股份有限公司,紡織纖維,-8.66,新台幣                 10.0000元,329104,-193297,-231527,-425124
1100421,109,4,1473,台南企業股份有限公司,紡織纖維,-2.45,新台幣                 10.0000元,5970540,-327993,-52752,-355198
1100421,109,4,1474,弘裕企業股份有限公司,紡織纖維,0.83,新台幣                 10.0000元,2858477,68661,45752,100880
1100421,109,4,1475,台灣業旺股份有限公司,紡織纖維,0.24,新台幣                 10.0000元,168113,14326,-10598,3910
1100421,109,4,1476,儒鴻企業股份有限公司,紡織纖維,15.51,新台幣                 10.0000元,28175401,5496552,-172694,4254534
1100421,109,4,1477,聚陽實業股份有限公司,紡織纖維,9.35,新台幣                 10.0000元,24924170,2665758,51042,2078913
1100421,109,4,1503,士林電機廠股份有限公司,電機機械,2.93,新台幣                 10.0000元,25684003,1954130,239886,1596946
1100421,109,4,1504,東元電機股份有限公司,電機機械,1.81,新台幣                 10.0000元,45823430,3534057,865691,3811648
1100421,109,4,1506,正道工業股份有限公司,電機機械,-2.19,新台幣                 10.0000元,855851,-212407,-154925,-370361
1100421,109,4,1507,永大機電工業股份有限公司,電機機械,3.2,新台幣                 10.0000元,15318751,1268473,352894,1345347
1100421,109,4,1512,瑞利企業股份有限公司,汽車工業,-0.55,新台幣                 10.0000元,1188984,-139672,9471,-128179
1100421,109,4,1513,中興電工機械股份有限公司,電機機械,3.59,新台幣                 10.0000元,15390789,1720973,80832,1551301
1100421,109,4,1514,亞力電機股份有限公司,電機機械,1.51,新台幣                 10.0000元,5113892,348750,40670,320145
1100421,109,4,1515,力山工業股份有限公司,電機機械,4.5,新台幣                 10.0000元,11374207,1156066,-97143,822190
1100421,109,4,1516,川飛能源股份有限公司,其他,0.83,新台幣                 10.0000元,820184,28373,280,28653
1100421,109,4,1517,利奇機械工業股份有限公司,電機機械,0.76,新台幣                 10.0000元,3383919,136845,125190,202305
1100421,109,4,1519,華城電機股份有限公司,電機機械,1.75,新台幣                 10.0000元,8471592,474093,74527,457514
1100421,109,4,1521,大億交通工業製造股份有限公司,汽車工業,2.1,新台幣                 10.0000元,4797165,186734,-8105,159750
1100421,109,4,1522,堤維西交通工業股份有限公司,汽車工業,0.84,新台幣                 10.0000元,14446208,266486,141415,286687
1100421,109,4,1524,耿鼎企業股份有限公司,汽車工業,0.21,新台幣                 10.0000元,1908786,55432,-18006,36537
1100421,109,4,1525,江申工業股份有限公司,汽車工業,4.41,新台幣                 10.0000元,1052991,6304,403842,324045
1100421,109,4,1526,日馳企業股份有限公司,電機機械,2.97,新台幣                 10.0000元,1246649,132264,89032,178317
1100421,109,4,1527,鑽全實業股份有限公司,電機機械,2.94,新台幣                 10.0000元,3589313,551381,-29681,406950
1100421,109,4,1528,恩德科技股份有限公司,電機機械,-0.61,新台幣                 10.0000元,3210946,-131741,6206,-118019
1100421,109,4,1529,樂士股份有限公司,電機機械,0.65,新台幣                 10.0000元,609148,64350,-3014,62077
1100421,109,4,1530,亞崴機電股份有限公司,電機機械,3.92,新台幣                 10.0000元,3093583,37924,517496,594202
1100421,109,4,1531,高林股份有限公司,電機機械,-0.3,新台幣                 10.0000元,1609928,-79996,11521,-55089
1100421,109,4,1532,勤美股份有限公司,電機機械,1.47,新台幣                 10.0000元,13125899,1297615,-330051,791441
1100421,109,4,1533,車王電子股份有限公司,汽車工業,0.86,新台幣                 10.0000元,2866192,64002,-3860,-5000
1100421,109,4,1535,中宇環保工程股份有限公司,電機機械,1.6,新台幣                 10.0000元,8836360,64724,174736,197435
1100421,109,4,1536,和大工業股份有限公司,汽車工業,1.12,新台幣                 10.0000元,5211042,396611,-72563,285560
1100421,109,4,1537,廣隆光電科技股份有限公司,電機機械,10.75,新台幣                 10.0000元,7119214,1199446,-13819,879196
1100421,109,4,1538,正峰工業股份有限公司,電機機械,-0.57,新台幣                 10.0000元,275762,-84051,72836,-12302
1100421,109,4,1539,巨庭機械股份有限公司,電機機械,-0.28,新台幣                 10.0000元,2293323,123382,-137999,-18592
1100421,109,4,1540,喬福機械工業股份有限公司,電機機械,-0.24,新台幣                 10.0000元,311106,-7454,-17705,-20657
1100421,109,4,1541,錩泰工業股份有限公司,電機機械,5.79,新台幣                 10.0000元,5271945,685407,-94673,456555
1100421,109,4,1558,伸興工業股份有限公司,電機機械,13.76,新台幣                 10.0000元,6965819,1189969,-59272,845641
1100421,109,4,1560,中國砂輪企業股份有限公司,電機機械,3.63,新台幣                 10.0000元,5156550,706973,-23425,539476
1100421,109,4,1568,倉佑實業股份有限公司,汽車工業,0.1,新台幣                 10.0000元,1756718,-20685,27756,10300
1100421,109,4,1582,信錦企業股份有限公司,電子零組件業,7.81,新台幣                 10.0000元,9663341,1531692,-34171,974682
1100421,109,4,1583,程泰機械股份有限公司,電機機械,4.39,新台幣                 10.0000元,5205033,58490,575626,685775
1100421,109,4,1587,吉茂精密股份有限公司,汽車工業,2.64,新台幣                 10.0000元,1725729,131413,90629,173670
1100421,109,4,1589,永冠能源科技集團有限公司,電機機械,4.81,新台幣                 10.0000元,8184273,544700,79038,516530
1100421,109,4,1590,亞德客國際集團,電機機械,25.63,新台幣                 10.0000元,19103001,5964197,378451,4844203
1100421,109,4,1592,英瑞國際股份有限公司,汽車工業,-13.57,新台幣                 10.0000元,4677501,-958644,-402437,-1550068
1100421,109,4,1597,直得科技股份有限公司,電機機械,2.51,新台幣                 10.0000元,1381885,276369,-14874,203095
1100421,109,4,1598,岱宇國際股份有限公司,生技醫療業,11.69,新台幣                 10.0000元,13123756,1852910,-198006,1318056
1100421,109,4,1603,中華電線電纜股份有限公司,電器電纜,2.05,新台幣                 10.0000元,2244267,143783,223900,326569
1100421,109,4,1604,聲寶股份有限公司,電器電纜,4.86,新台幣                 10.0000元,7670020,527310,1557296,1835995
1100421,109,4,1605,華新麗華股份有限公司,電器電纜,2.04,新台幣                 10.0000元,112546603,7385062,1865603,7005801
1100421,109,4,1608,華榮電線電纜股份有限公司,電器電纜,0.76,新台幣                 10.0000元,7440063,171863,255408,371697
1100421,109,4,1609,大亞電線電纜股份有限公司,電器電纜,1.45,新台幣                 10.0000元,18300805,428272,790396,1033720
1100421,109,4,1611,中國電器股份有限公司,電器電纜,0.23,新台幣                 10.0000元,2074046,89537,-415,78618
1100421,109,4,1612,宏泰電工股份有限公司,電器電纜,1.64,新台幣                 10.0000元,4567162,309301,283067,517169
1100421,109,4,1614,台灣三洋電機股份有限公司,電器電纜,1.36,新台幣                 10.0000元,5488349,410144,25660,355605
1100421,109,4,1615,大山電線電纜股份有限公司,電器電纜,2.67,新台幣                 10.0000元,3165977,403478,10681,328750
1100421,109,4,1616,億泰電線電纜股份有限公司,電器電纜,0.01,新台幣                 10.0000元,2682733,-30226,46052,1703
1100421,109,4,1617,榮星電線工業股份有限公司,電器電纜,1.02,新台幣                 10.0000元,2984283,193329,-14488,146273
1100421,109,4,1618,合機電線電纜股份有限公司,電器電纜,1,新台幣                 10.0000元,2822947,240642,53521,241980
1100421,109,4,1626,艾美特(開曼)國際有限公司,電器電纜,1.12,新台幣                 10.0000元,9207346,220906,2973,156239
1100421,109,4,1701,中國化學製藥股份有限公司,生技醫療業,1.88,新台幣                 10.0000元,8181056,421232,236408,559500
1100421,109,4,1702,南僑投資控股股份有限公司,食品工業,3.84,新台幣                 10.0000元,17621763,1677745,-21094,995601
1100421,109,4,1707,葡萄王生技股份有限公司,生技醫療業,9.34,新台幣                 10.0000元,9168195,2304782,73408,1895095
1100421,109,4,1708,東鹼股份有限公司,化學工業,0.76,新台幣                 10.0000元,4034992,254328,-66055,174129
1100421,109,4,1709,和益化學工業股份有限公司,化學工業,1.16,新台幣                 10.0000元,8481829,708843,4600,539660
1100421,109,4,1710,東聯化學股份有限公司,化學工業,-1.22,新台幣                 10.0000元,18763159,-455992,-851297,-1471647
1100421,109,4,1711,臺灣永光化學工業股份有限公司,化學工業,0.39,新台幣                 10.0000元,7769066,204636,60140,205022
1100421,109,4,1712,興農股份有限公司,化學工業,1.7,新台幣                 10.0000元,17484401,977812,-126694,721519
1100421,109,4,1713,國泰化工廠股份有限公司,化學工業,0.61,新台幣                 10.0000元,475644,17333,76803,91433
1100421,109,4,1714,和桐化學股份有限公司,化學工業,1.68,新台幣                 10.0000元,25849191,3633445,-623417,2399546
1100421,109,4,1717,長興材料工業股份有限公司,化學工業,2.05,新台幣                 10.0000元,38370366,3138926,5583,2493217
1100421,109,4,1718,中國人造纖維股份有限公司,化學工業,0.73,新台幣                 10.0000元,30816399,0,0,4048708
1100421,109,4,1720,生達化學製藥股份有限公司,生技醫療業,2.93,新台幣                 10.0000元,4305400,706587,66340,625560
1100421,109,4,1721,三晃股份有限公司,化學工業,2.43,新台幣                 10.0000元,2752601,-243755,727049,524306
1100421,109,4,1722,台灣肥料股份有限公司,化學工業,2.5,新台幣                 10.0000元,10169742,1247689,1717686,2452881
1100421,109,4,1723,中鋼碳素化學股份有限公司,化學工業,3.09,新台幣                 10.0000元,5363774,769899,81120,708027
1100421,109,4,1724,台硝股份有限公司,化學工業,0.2,新台幣                 10.0000元,1746339,85898,-56136,25477
1100421,109,4,1725,元禎企業股份有限公司,化學工業,1.37,新台幣                 10.0000元,7072520,151654,123806,249050
1100421,109,4,1726,永記造漆工業股份有限公司,化學工業,5.13,新台幣                 10.0000元,7987996,977719,64188,830516
1100421,109,4,1727,臺灣中華化學工業股份有限公司,化學工業,-1.26,新台幣                 10.0000元,1772950,11254,7656,-153895
1100421,109,4,1730,花仙子企業股份有限公司,化學工業,5.51,新台幣                 10.0000元,3058759,315171,187752,383850
1100421,109,4,1731,美吾華股份有限公司,生技醫療業,1.29,新台幣                 10.0000元,1065325,170337,37317,171002
1100421,109,4,1732,毛寶股份有限公司,化學工業,0.91,新台幣                 10.0000元,620713,46726,-1234,38595
1100421,109,4,1733,五鼎生物技術股份有限公司,生技醫療業,0.95,新台幣                 10.0000元,2005337,103328,7287,94629
1100421,109,4,1734,杏輝藥品工業股份有限公司,生技醫療業,-0.17,新台幣                 10.0000元,2388452,-122197,4424,-172559
1100421,109,4,1735,日勝化工股份有限公司,化學工業,0.74,新台幣                 10.0000元,2363415,137490,-59906,74010
1100421,109,4,1736,喬山健康科技股份有限公司,生技醫療業,2.24,新台幣                 10.0000元,28366756,930089,45243,747354
1100421,109,4,1737,臺鹽實業股份有限公司,食品工業,1.83,新台幣                 10.0000元,3130347,463321,718,374589
1100421,109,4,1760,寶齡富錦生技股份有限公司,生技醫療業,0.36,新台幣                 10.0000元,1568637,104500,-15094,27901
1100421,109,4,1762,中化合成生技股份有限公司,生技醫療業,6.86,新台幣                 10.0000元,1543589,268920,381377,532063
1100421,109,4,1773,勝一化工股份有限公司,化學工業,6.52,新台幣                 10.0000元,7778275,1375385,76763,1174007
1100421,109,4,1776,展宇科技材料股份有限公司,化學工業,0.65,新台幣                 10.0000元,1380972,87127,-5536,56019
1100421,109,4,1783,和康生物科技股份有限公司,生技醫療業,0.91,新台幣                 10.0000元,457691,61105,15631,63311
1100421,109,4,1786,科妍生物科技股份有限公司,生技醫療業,2.1,新台幣                 10.0000元,466881,146637,5851,128005
1100421,109,4,1789,台灣神隆股份有限公司,生技醫療業,0.36,新台幣                 10.0000元,3082928,375723,-17218,282067
1100421,109,4,1795,美時化學製藥股份有限公司,生技醫療業,4.22,新台幣                 10.0000元,10728583,1612663,-308428,1029651
1100421,109,4,1802,台灣玻璃工業股份有限公司,玻璃陶瓷,0.85,新台幣                 10.0000元,41907654,2534105,612384,2460548
1100421,109,4,1805,寶徠建設股份有限公司,建材營造,-0.62,新台幣                 10.0000元,219762,-53074,-8701,-61775
1100421,109,4,1806,冠軍建材股份有限公司,玻璃陶瓷,-0.93,新台幣                 10.0000元,3609001,-350447,37305,-402867
1100421,109,4,1808,潤隆建設股份有限公司,建材營造,0.32,新台幣                 10.0000元,7656236,404454,-194424,117248
1100421,109,4,1809,中國製釉股份有限公司,玻璃陶瓷,-0.36,新台幣                 10.0000元,1860523,-103217,9473,-96123
1100421,109,4,1810,和成欣業股份有限公司,玻璃陶瓷,0.24,新台幣                 10.0000元,5102207,185,129033,79404
1100421,109,4,1817,凱撒衛浴股份有限公司,玻璃陶瓷,3.04,新台幣                 10.0000元,2306521,289046,529,220056
1100421,109,4,1903,士林紙業股份有限公司,造紙工業,-0.52,新台幣                 10.0000元,159473,-152414,16729,-135685
1100421,109,4,1904,正隆股份有限公司,造紙工業,3.36,新台幣                 10.0000元,40074390,5017578,-245386,3743869
1100421,109,4,1905,中華紙漿股份有限公司,造紙工業,-0.18,新台幣                 10.0000元,18616694,-390177,86693,-312392
1100421,109,4,1906,寶隆國際股份有限公司,造紙工業,0.62,新台幣                 10.0000元,1245461,9308,85766,93259
1100421,109,4,1907,永豐餘投資控股股份有限公司,造紙工業,3.14,新台幣                 10.0000元,73234546,5602904,2773629,6603903
1100421,109,4,1909,榮成紙業股份有限公司,造紙工業,0.77,新台幣                 10.0000元,41600592,2300166,-1192810,927510
1100421,109,4,2002,中國鋼鐵股份有限公司,鋼鐵工業,0.05,新台幣                 10.0000元,314783301,2296237,471925,2257833
1100421,109,4,2006,東和鋼鐵企業股份有限公司,鋼鐵工業,3.52,新台幣                 10.0000元,42866290,4421487,68083,3556583
1100421,109,4,2007,燁興企業股份有限公司,鋼鐵工業,-0.89,新台幣                 10.0000元,5589791,-353613,-127532,-484760
1100421,109,4,2008,高興昌鋼鐵股份有限公司,鋼鐵工業,-0.16,新台幣                 10.0000元,962510,-68622,37537,-32794
1100421,109,4,2009,第一伸銅科技股份有限公司,鋼鐵工業,0.22,新台幣                 10.0000元,2260596,-75903,156942,79210
1100421,109,4,2010,春源鋼鐵工業股份有限公司,鋼鐵工業,0.79,新台幣                 10.0000元,19228310,542403,128834,522395
1100421,109,4,2012,春雨工廠股份有限公司,鋼鐵工業,0.75,新台幣                 10.0000元,8054615,350461,-4496,263036
1100421,109,4,2013,中國鋼鐵結構股份有限公司,鋼鐵工業,3.26,新台幣                 10.0000元,13242169,277823,481360,630701
1100421,109,4,2014,中鴻鋼鐵股份有限公司,鋼鐵工業,0.37,新台幣                 10.0000元,36790154,338212,190053,528260
1100421,109,4,2015,豐興鋼鐵股份有限公司,鋼鐵工業,4.5,新台幣                 10.0000元,27298051,3090862,146080,2619426
1100421,109,4,2017,官田鋼鐵股份有限公司,鋼鐵工業,0.04,新台幣                 10.0000元,3493012,-13660,97542,65923
1100421,109,4,2020,美亞鋼管廠股份有限公司,鋼鐵工業,1.76,新台幣                 10.0000元,5073767,267460,178471,392144
1100421,109,4,2022,聚亨企業股份有限公司,鋼鐵工業,-0.39,新台幣                 10.0000元,7930384,117682,-323764,-219823
1100421,109,4,2023,燁輝企業股份有限公司,鋼鐵工業,0.39,新台幣                 10.0000元,55421795,1133086,-550296,517588
1100421,109,4,2024,志聯工業股份有限公司,鋼鐵工業,0.28,新台幣                 10.0000元,1184430,36337,-5428,26843
1100421,109,4,2025,千興不銹鋼(股)公司,鋼鐵工業,-0.75,新台幣                 10.0000元,803775,-221988,12310,-209678
1100421,109,4,2027,大成不銹鋼工業股份有限公司,鋼鐵工業,-0.44,新台幣                 10.0000元,59234909,1822767,-1903179,-101458
1100421,109,4,2028,威致鋼鐵工業股份有限公司,鋼鐵工業,1.85,新台幣                 10.0000元,8690155,597389,5140,602547
1100421,109,4,2029,盛餘股份有限公司,鋼鐵工業,0.77,新台幣                 10.0000元,9381644,378350,-49903,253371
1100421,109,4,2030,彰源企業股份有限公司,鋼鐵工業,0.38,新台幣                 10.0000元,10560947,234868,-46552,108351
1100421,109,4,2031,新光鋼鐵股份有限公司,鋼鐵工業,2.69,新台幣                 10.0000元,9852311,469738,443285,845733
1100421,109,4,2032,新鋼工業股份有限公司,鋼鐵工業,0.58,新台幣                 10.0000元,3266944,88605,3737,75993
1100421,109,4,2033,佳大世界股份有限公司,鋼鐵工業,0.25,新台幣                 10.0000元,757773,21216,4637,19810
1100421,109,4,2034,允強實業股份有限公司,鋼鐵工業,1.04,新台幣                 10.0000元,12717152,464629,47497,423567
1100421,109,4,2038,海光企業股份有限公司,鋼鐵工業,0.87,新台幣                 10.0000元,7600525,179448,9927,149541
1100421,109,4,2049,上銀科技股份有限公司,電機機械,6.05,新台幣                 10.0000元,21266659,1732474,570997,1698779
1100421,109,4,2059,川湖科技股份有限公司,電子零組件業,12.22,新台幣                 10.0000元,4801405,1961609,-419464,1164589
1100421,109,4,2062,橋椿金屬股份有限公司,其他,-0.48,新台幣                 10.0000元,7237623,10240,-65107,-77498
1100421,109,4,2069,運錩鋼鐵股份有限公司,鋼鐵工業,0.26,新台幣                 10.0000元,7433603,111179,-65743,40157
1100421,109,4,2101,南港輪胎股份有限公司,橡膠工業,1.05,新台幣                 10.0000元,9695119,1029090,91995,844378
1100421,109,4,2102,泰豐輪胎股份有限公司,橡膠工業,0.24,新台幣                 10.0000元,5704663,269315,-104326,111477
1100421,109,4,2103,台橡股份有限公司,橡膠工業,-0.03,新台幣                 10.0000元,24024443,822315,-301644,215261
1100421,109,4,2104,國際中橡投資控股股份有限公司,橡膠工業,0.75,新台幣                 10.0000元,17105502,1404460,19735,676010
1100421,109,4,2105,正新橡膠工業股份有限公司,橡膠工業,1.85,新台幣                 10.0000元,96209056,8596725,-440019,6001203
1100421,109,4,2106,建大工業股份有限公司,橡膠工業,1.07,新台幣                 10.0000元,30260185,1535939,-244476,972225
1100421,109,4,2107,厚生股份有限公司,橡膠工業,2.62,新台幣                 10.0000元,3282255,810562,119572,901716
1100421,109,4,2108,南帝化學工業股份有限公司,橡膠工業,7.21,新台幣                 10.0000元,14402725,4821037,-114742,3620225
1100421,109,4,2109,華豐橡膠工業股份有限公司,橡膠工業,1.33,新台幣                 10.0000元,4882864,605064,140782,561919
1100421,109,4,2114,鑫永銓股份有限公司,橡膠工業,7.39,新台幣                 10.0000元,1596510,508135,110383,523696
1100421,109,4,2115,六暉控股股份有限公司,汽車工業,6.58,新台幣                 10.0000元,2602257,328035,501754,594759
1100421,109,4,2201,裕隆汽車製造股份有限公司,汽車工業,2.8,新台幣                 10.0000元,82597514,-1218462,6942010,4839562
1100421,109,4,2204,中華汽車工業股份有限公司,汽車工業,6.01,新台幣                 10.0000元,30874600,1776670,1975796,3540548
1100421,109,4,2206,三陽工業股份有限公司,汽車工業,2.41,新台幣                 10.0000元,40774917,1959359,534636,2051856
1100421,109,4,2207,和泰汽車股份有限公司,汽車工業,25.36,新台幣                 10.0000元,231813269,0,0,16535210
1100421,109,4,2208,台灣國際造船股份有限公司,航運業,-3.38,新台幣                 10.0000元,25296629,-1907395,308645,-1600087
1100421,109,4,2211,長榮鋼鐵股份有限公司,鋼鐵工業,2.65,新台幣                 10.0000元,9349649,1534312,200503,1404259
1100421,109,4,2227,裕隆日產汽車股份有限公司,汽車工業,21.8,新台幣                 10.0000元,29660638,299359,7861611,6540938
1100421,109,4,2228,劍麟股份有限公司,汽車工業,1.3,新台幣                 10.0000元,3423476,138619,75207,98938
1100421,109,4,2231,為升電裝工業股份有限公司,汽車工業,2.03,新台幣                 10.0000元,3340199,386368,-93865,250171
1100421,109,4,2233,宇隆科技股份有限公司,汽車工業,6.23,新台幣                 10.0000元,2538399,404990,24846,359289
1100421,109,4,2236,百達精密工業股份有限公司,汽車工業,0.69,新台幣                 10.0000元,1181611,54481,-1370,27288
1100421,109,4,2239,開曼英利工業股份有限公司,汽車工業,4.07,新台幣                 10.0000元,21644152,1269008,-270281,825466
1100421,109,4,2241,艾姆勒車電股份有限公司,電機機械,0.08,新台幣                 10.0000元,847271,43434,-35338,6546
1100421,109,4,2243,宏旭控股股份有限公司,汽車工業,-6.23,新台幣                 10.0000元,757591,-359713,39776,-284892
1100421,109,4,2247,汎德永業汽車股份有限公司,汽車工業,14.5,新台幣                 10.0000元,39561996,1292340,33738,1070976
1100421,109,4,2301,光寶科技股份有限公司,電腦及週邊設備業,4.31,新台幣                 10.0000元,157133623,10206194,2395727,9829204
1100421,109,4,2302,麗正國際科技股份有限公司,半導體業,0.64,新台幣                 10.0000元,759358,141108,-30262,105636
1100421,109,4,2303,聯華電子股份有限公司,半導體業,2.42,新台幣                 10.0000元,176820914,22007407,5918772,27180412
1100421,109,4,2305,全友電腦股份有限公司,電腦及週邊設備業,0.08,新台幣                 10.0000元,582434,-67944,127481,21579
1100421,109,4,2308,台達電子工業股份有限公司,電子零組件業,9.81,新台幣                 10.0000元,282605493,31425804,2849479,27384339
1100421,109,4,2312,金寶電子工業股份有限公司,其他電子業,0.11,新台幣                 10.0000元,128219874,731809,-44050,240132
1100421,109,4,2313,華通電腦股份有限公司,電子零組件業,3.91,新台幣                 10.0000元,60516929,6637749,-385404,4664701
1100421,109,4,2314,台揚科技股份有限公司,通信網路業,-0.42,新台幣                 10.0000元,3949997,-137009,56464,-95415
1100421,109,4,2316,楠梓電子股份有限公司,電子零組件業,2.14,新台幣                 10.0000元,4784973,-205253,595957,414059
1100421,109,4,2317,鴻海精密工業股份有限公司,其他電子業,7.34,新台幣                 10.0000元,5358023065,110827448,34644786,114325587
1100421,109,4,2321,東訊股份有限公司,通信網路業,-0.9,新台幣                 10.0000元,1075547,-53475,20946,-34701
1100421,109,4,2323,中環股份有限公司,光電業,0.1,新台幣                 10.0000元,9401027,-231344,460894,124827
1100421,109,4,2324,仁寶電腦工業股份有限公司,電腦及週邊設備業,2.15,新台幣                 10.0000元,1048929251,11492545,1630171,10409512
1100421,109,4,2327,國巨股份有限公司,電子零組件業,27.58,新台幣                 10.0000元,67672108,17481917,-1457023,13003182
1100421,109,4,2328,廣宇科技股份有限公司,電子零組件業,1.28,新台幣                 10.0000元,20547713,924798,268468,790495
1100421,109,4,2329,華泰電子股份有限公司,半導體業,-0.48,新台幣                 10.0000元,13851909,-186030,-57178,-266123
1100421,109,4,2330,台灣積體電路製造股份有限公司,半導體業,19.97,新台幣                 10.0000元,1339254811,566783698,17993482,518158082
1100421,109,4,2331,精英電腦股份有限公司,電腦及週邊設備業,0.11,新台幣                 10.0000元,25995735,40677,378491,65950
1100421,109,4,2332,友訊科技股份有限公司,通信網路業,1.9,新台幣                 10.0000元,15179443,80226,1416500,1310560
1100421,109,4,2337,旺宏電子股份有限公司,半導體業,2.9,新台幣                 10.0000元,39800947,5866477,-25431,5325612
1100421,109,4,2338,台灣光罩股份有限公司,半導體業,3.34,新台幣                 10.0000元,4666756,344153,286388,486307
1100421,109,4,2340,光磊科技股份有限公司,光電業,1.52,新台幣                 10.0000元,5590046,689147,-69391,575129
1100421,109,4,2342,台灣茂矽電子股份有限公司,半導體業,1.42,新台幣                 10.0000元,1845652,218268,1265,219533
1100421,109,4,2344,華邦電子股份有限公司,半導體業,0.33,新台幣                 10.0000元,60683171,1627291,185117,1519043
1100421,109,4,2345,智邦科技股份有限公司,通信網路業,9.07,新台幣                 10.0000元,54462872,6402663,-189768,5048640
1100421,109,4,2347,聯強國際股份有限公司,電子通路業,4.89,新台幣                 10.0000元,334200976,7233757,3267135,8538386
1100421,109,4,2348,海悅國際開發股份有限公司,其他,15.1,新台幣                 10.0000元,3747452,1634627,152548,1431116
1100421,109,4,2349,錸德科技股份有限公司,光電業,-1.29,新台幣                 10.0000元,6578209,-481908,-247847,-801727
1100421,109,4,2351,順德工業股份有限公司,半導體業,1.92,新台幣                 10.0000元,8450611,601587,-87014,401381
1100421,109,4,2352,佳世達科技股份有限公司,電腦及週邊設備業,2.54,新台幣                 10.0000元,191701702,6612854,1599782,6366561
1100421,109,4,2353,宏碁股份有限公司,電腦及週邊設備業,2.01,新台幣                 10.0000元,277112477,8935838,-30735,6145610
1100421,109,4,2354,鴻準精密工業股份有限公司,其他電子業,3.34,新台幣                 10.0000元,104789599,2618425,2817345,4686123
1100421,109,4,2355,敬鵬工業股份有限公司,電子零組件業,0.12,新台幣                 10.0000元,15313285,-123771,148497,45702
1100421,109,4,2356,英業達股份有限公司,電腦及週邊設備業,2.1,新台幣                 10.0000元,508294198,4441086,5904619,6572978
1100421,109,4,2357,華碩電腦股份有限公司,電腦及週邊設備業,35.76,新台幣                 10.0000元,412780439,24957063,8162975,28386878
1100421,109,4,2358,廷鑫興業股份有限公司,其他,0.11,新台幣                 10.0000元,1920858,59517,-44194,10429
1100421,109,4,2359,所羅門股份有限公司,其他電子業,0.12,新台幣                 10.0000元,3527149,46938,37007,30390
1100421,109,4,2360,致茂電子股份有限公司,其他電子業,5.56,新台幣                 10.0000元,15532543,2797401,231606,2380957
1100421,109,4,2362,藍天電腦股份有限公司,電腦及週邊設備業,1.12,新台幣                 10.0000元,20238946,1476183,-779978,666944
1100421,109,4,2363,矽統科技股份有限公司,半導體業,-0.47,新台幣                 10.0000元,160171,-447374,190804,-300090
1100421,109,4,2364,倫飛電腦實業股份有限公司,電腦及週邊設備業,0.11,新台幣                 10.0000元,863359,2229,13540,15432
1100421,109,4,2365,昆盈企業股份有限公司,電腦及週邊設備業,0.64,新台幣                 10.0000元,1653269,161795,22877,146905
1100421,109,4,2367,燿華電子股份有限公司,電子零組件業,-2.32,新台幣                 10.0000元,14386972,-2310138,727011,-1435460
1100421,109,4,2368,金像電子(股)公司,電子零組件業,3.82,新台幣                 10.0000元,23398323,3073918,-376036,2066612
1100421,109,4,2369,菱生精密工業股份有限公司,半導體業,-0.44,新台幣                 10.0000元,5457586,-163530,17114,-163140
1100421,109,4,2371,大同股份有限公司,電機機械,-0.46,新台幣                 10.0000元,31641355,-1311337,-3597857,-4988030
1100421,109,4,2373,震旦行股份有限公司,其他電子業,6.4,新台幣                 10.0000元,12950974,1517380,508048,1558735
1100421,109,4,2374,佳能企業股份有限公司,光電業,-1.63,新台幣                 10.0000元,3442017,-616298,155515,-444902
1100421,109,4,2375,凱美電機股份有限公司,電子零組件業,3.42,新台幣                 10.0000元,4466552,552397,105912,581393
1100421,109,4,2376,技嘉科技股份有限公司,電腦及週邊設備業,6.88,新台幣                 10.0000元,84602841,4217835,1232970,4331235
1100421,109,4,2377,微星科技股份有限公司,電腦及週邊設備業,9.42,新台幣                 10.0000元,146502789,9187828,409065,7959505
1100421,109,4,2379,瑞昱半導體股份有限公司,半導體業,17.24,新台幣                 10.0000元,77759470,8639563,716582,8793526
1100421,109,4,2380,虹光精密工業股份有限公司,電腦及週邊設備業,-2.36,新台幣                 10.0000元,1835372,-363259,-48693,-412653
1100421,109,4,2382,廣達電腦股份有限公司,電腦及週邊設備業,6.57,新台幣                 10.0000元,1090858851,32450504,1981295,25390060
1100421,109,4,2383,台光電子材料股份有限公司,電子零組件業,11.33,新台幣                 10.0000元,27200786,4683451,160112,3694270
1100421,109,4,2385,群光電子股份有限公司,電子零組件業,7.8,新台幣                 10.0000元,95082227,7662700,555490,6567771
1100421,109,4,2387,精元電腦股份有限公司,電腦及週邊設備業,6.39,新台幣                 10.0000元,21179505,2007428,-320389,1293318
1100421,109,4,2388,威盛電子股份有限公司,半導體業,9.57,新台幣                 10.0000元,6502715,-778920,6403899,4844834
1100421,109,4,2390,云辰電子開發股份有限公司,其他電子業,0.91,新台幣                 10.0000元,531099,-122366,324636,195323
1100421,109,4,2392,正崴精密工業股份有限公司,電子零組件業,4.06,新台幣                 10.0000元,89552100,2394421,189414,1884368
1100421,109,4,2393,億光電子工業股份有限公司,光電業,2.79,新台幣                 10.0000元,21637035,1353502,273833,1249680
1100421,109,4,2395,研華股份有限公司,電腦及週邊設備業,9.4,新台幣                 10.0000元,51119408,9036553,91808,7302987
1100421,109,4,2397,友通資訊股份有限公司,電腦及週邊設備業,3.54,新台幣                 10.0000元,8349522,648125,-34448,477833
1100421,109,4,2399,映泰股份有限公司,電腦及週邊設備業,0.8,新台幣                 10.0000元,2104572,-26917,208511,145600
1100421,109,4,2401,凌陽科技股份有限公司,半導體業,0.55,新台幣                 10.0000元,6414140,516167,268571,618827
1100421,109,4,2402,毅嘉科技股份有限公司,電子零組件業,0.4,新台幣                 10.0000元,5502842,195687,-5674,120190
1100421,109,4,2404,漢唐集成股份有限公司,其他電子業,21.16,新台幣                 10.0000元,35836642,4620646,461156,4091332
1100421,109,4,2405,浩鑫股份有限公司,電腦及週邊設備業,0.17,新台幣                 10.0000元,1744376,55491,37411,62105
1100421,109,4,2406,國碩科技工業股份有限公司,光電業,-2.17,新台幣                 10.0000元,9554735,-243088,-254553,-560980
1100421,109,4,2408,南亞科技股份有限公司,半導體業,2.51,新台幣                 10.0000元,61005514,8434474,556743,7686041
1100421,109,4,2409,友達光電股份有限公司,光電業,0.36,新台幣                 10.0000元,270955381,2083042,704629,2907427
1100421,109,4,2412,中華電信股份有限公司,通信網路業,4.31,新台幣                 10.0000元,207608998,42361726,469245,34705543
1100421,109,4,2413,環隆科技股份有限公司,電子零組件業,-0.1,新台幣                 10.0000元,3801959,16011,-36881,-13831
1100421,109,4,2414,精技電腦股份有限公司,電子通路業,2.25,新台幣                 10.0000元,21557473,463998,-582,371786
1100421,109,4,2415,錩新科技股份有限公司,電子零組件業,0.66,新台幣                 10.0000元,1964549,229589,-108618,87210
1100421,109,4,2417,圓剛科技股份有限公司,電腦及週邊設備業,6.41,新台幣                 10.0000元,7051145,1850347,11848,1617691
1100421,109,4,2419,仲琦科技股份有限公司,通信網路業,0.87,新台幣                 10.0000元,10278461,446832,21553,402659
1100421,109,4,2420,新巨企業股份有限公司,電子零組件業,2.9,新台幣                 10.0000元,2475359,512113,44003,444452
1100421,109,4,2421,建準電機工業股份有限公司,電子零組件業,3.39,新台幣                 10.0000元,12781281,1114211,-25808,851650
1100421,109,4,2423,固緯電子實業股份有限公司,其他電子業,1.37,新台幣                 10.0000元,2306140,248954,25042,199070
1100421,109,4,2424,隴華電子股份有限公司,電腦及週邊設備業,-7.73,新台幣                 10.0000元,17978,-181441,9650,-141504
1100421,109,4,2425,承啟科技股份有限公司,電腦及週邊設備業,1.51,新台幣                 10.0000元,4672310,226211,-36587,183413
1100421,109,4,2426,鼎元光電科技股份有限公司,光電業,1.02,新台幣                 10.0000元,2428616,8328,355661,307901
1100421,109,4,2427,三商電腦股份有限公司,資訊服務業,0.63,新台幣                 10.0000元,3021959,113095,31808,115687
1100421,109,4,2428,興勤電子工業股份有限公司,電子零組件業,10.81,新台幣                 10.0000元,5920258,1843142,24191,1380603
1100421,109,4,2429,銘旺科技股份有限公司,電子零組件業,-1.63,新台幣                 10.0000元,900394,-59828,18173,-69543
1100421,109,4,2430,燦坤實業股份有限公司,電子通路業,1.85,新台幣                 10.0000元,19542720,423745,-31739,308372
1100421,109,4,2431,聯昌電子企業股份有限公司,電子零組件業,0.42,新台幣                 10.0000元,2298426,34337,12185,46775
1100421,109,4,2433,互盛股份有限公司,其他電子業,3.93,新台幣                 10.0000元,4050378,504849,196806,590755
1100421,109,4,2434,統懋半導體股份有限公司,半導體業,-0.33,新台幣                 10.0000元,133723,-68275,63369,-6266
1100421,109,4,2436,偉詮電子股份有限公司,半導體業,1.94,新台幣                 10.0000元,2619977,126343,235956,341504
1100421,109,4,2438,翔耀實業股份有限公司,光電業,0.07,新台幣                 10.0000元,379424,5377,25796,22168
1100421,109,4,2439,美律實業股份有限公司,通信網路業,6.39,新台幣                 10.0000元,34444819,1140742,561963,1319400
1100421,109,4,2440,太空梭高傳真資訊科技(股)公司,電子零組件業,1.58,新台幣                 10.0000元,2990077,126665,155835,219766
1100421,109,4,2441,超豐電子股份有限公司,半導體業,4.68,新台幣                 10.0000元,14701682,3246093,57158,2662311
1100421,109,4,2442,新美齊股份有限公司,電腦及週邊設備業,0.6,新台幣                 10.0000元,5306536,48663,68433,122004
1100421,109,4,2443,億麗科技股份有限公司,其他,-3.09,新台幣                 10.0000元,469729,-446237,-8633,-454870
1100421,109,4,2444,兆勁科技股份有限公司,通信網路業,-0.93,新台幣                 10.0000元,1774217,-78441,-28977,-94762
1100421,109,4,2449,京元電子股份有限公司,半導體業,2.97,新台幣                 10.0000元,28959304,4650711,-107056,3637140
1100421,109,4,2450,神腦國際企業股份有限公司,通信網路業,1.69,新台幣                 10.0000元,27007073,308967,207574,435915
1100421,109,4,2451,創見資訊股份有限公司,半導體業,2.79,新台幣                 10.0000元,11446696,1211936,290445,1197735
1100421,109,4,2453,凌群電腦股份有限公司,資訊服務業,1.7,新台幣                 10.0000元,5757866,163353,49545,166842
1100421,109,4,2454,聯發科技股份有限公司,半導體業,26.01,新台幣                 10.0000元,322145988,43219239,4363447,41438573
1100421,109,4,2455,全新光電科技股份有限公司,通信網路業,2.88,新台幣                 10.0000元,2645003,687515,-40212,532588
1100421,109,4,2456,奇力新電子股份有限公司,電子零組件業,5.91,新台幣                 10.0000元,17437999,1979302,-105746,1543073
1100421,109,4,2457,飛宏科技股份有限公司,電子零組件業,-0.46,新台幣                 10.0000元,9243618,-372631,219189,-154613
1100421,109,4,2458,義隆電子股份有限公司,半導體業,11.14,新台幣                 10.0000元,15099690,4217199,-323507,3193038
1100421,109,4,2459,敦吉科技股份有限公司,電子通路業,4.25,新台幣                 10.0000元,6364618,663886,20892,502440
1100421,109,4,2460,建通精密工業股份有限公司,電子零組件業,-0.25,新台幣                 10.0000元,3454386,33678,-89497,-42496
1100421,109,4,2461,光群雷射科技股份有限公司,其他電子業,0.96,新台幣                 10.0000元,5439230,228722,3379,191139
1100421,109,4,2462,台灣良得電子股份有限公司,電子零組件業,0.87,新台幣                 10.0000元,4526914,112266,35465,123760
1100421,109,4,2464,盟立自動化股份有限公司,其他電子業,2.63,新台幣                 10.0000元,8908665,668970,-91197,513384
1100421,109,4,2465,麗臺科技股份有限公司,電腦及週邊設備業,0.5,新台幣                 10.0000元,4548266,51619,3076,24782
1100421,109,4,2466,冠西電子企業股份有限公司,光電業,0.04,新台幣                 10.0000元,1245165,-86828,92172,6368
1100421,109,4,2467,志聖工業股份有限公司,電子零組件業,2.94,新台幣                 10.0000元,4085806,530508,75343,475245
1100421,109,4,2468,華經資訊企業股份有限公司,資訊服務業,0.55,新台幣                 10.0000元,2160998,47260,450,38776
1100421,109,4,2471,資通電腦股份有限公司,資訊服務業,2.07,新台幣                 10.0000元,773691,82395,31242,97961
1100421,109,4,2472,立隆電子工業股份有限公司,電子零組件業,5.13,新台幣                 10.0000元,7822322,1291257,-57532,976185
1100421,109,4,2474,可成科技股份有限公司,其他電子業,27.65,新台幣                 10.0000元,82506032,14935168,25912021,21166068
1100421,109,4,2476,鉅祥企業股份有限公司,電子零組件業,1.55,新台幣                 10.0000元,4779614,537268,-3954,356967
1100421,109,4,2477,美隆工業股份有限公司,其他電子業,0.92,新台幣                 10.0000元,3053333,139770,21830,176048
1100421,109,4,2478,大毅科技股份有限公司,電子零組件業,4.7,新台幣                 10.0000元,5394839,766736,-64718,670135
1100421,109,4,2480,敦陽科技股份有限公司,資訊服務業,4.68,新台幣                 10.0000元,5542811,543421,57088,497618
1100421,109,4,2481,強茂股份有限公司,半導體業,2.7,新台幣                 10.0000元,10485100,992083,39051,900541
1100421,109,4,2482,連宇股份有限公司,其他電子業,-0.5,新台幣                 10.0000元,815658,-26047,-5255,-30775
1100421,109,4,2483,百容電子股份有限公司,電子零組件業,0.76,新台幣                 10.0000元,1780115,23005,67559,84148
1100421,109,4,2484,希華晶體科技股份有限公司,電子零組件業,1.02,新台幣                 10.0000元,2590872,201628,4395,161803
1100421,109,4,2485,兆赫電子股份有限公司,通信網路業,-0.48,新台幣                 10.0000元,7937362,-258839,84100,-156171
1100421,109,4,2486,一詮精密工業股份有限公司,光電業,-0.75,新台幣                 10.0000元,4197470,-47051,-83618,-156591
1100421,109,4,2488,漢平電子工業股份有限公司,其他電子業,2.27,新台幣                 10.0000元,1937736,176975,57283,182405
1100421,109,4,2489,瑞軒科技股份有限公司,光電業,0.68,新台幣                 10.0000元,16747887,-556972,1297706,569570
1100421,109,4,2491,吉祥全球實業股份有限公司,光電業,1.5,新台幣                 10.0000元,400282,148165,77601,214761
1100421,109,4,2492,華新科技股份有限公司,電子零組件業,13.66,新台幣                 10.0000元,35599249,7913539,1121268,7217645
1100421,109,4,2493,揚博科技股份有限公司,電子零組件業,2.7,新台幣                 10.0000元,2600664,397524,-2322,308769
1100421,109,4,2495,普安科技股份有限公司,其他電子業,-0.24,新台幣                 10.0000元,1130547,-30151,-30271,-65419
1100421,109,4,2496,卓越成功股份有限公司,其他,3.3,新台幣                 10.0000元,776397,71543,12261,62913
1100421,109,4,2497,怡利電子工業股份有限公司,汽車工業,-0.69,新台幣                 10.0000元,1633351,-88247,5158,-81921
1100421,109,4,2498,宏達國際電子股份有限公司,通信網路業,-7.27,新台幣                 10.0000元,5805708,-6391393,364844,-6022598
1100421,109,4,2501,國泰建設股份有限公司,建材營造,1.28,新台幣                 10.0000元,13973611,1551329,133955,1516787
1100421,109,4,2504,國產建材實業股份有限公司,建材營造,1.9,新台幣                 10.0000元,18877800,2323557,382237,2550807
1100421,109,4,2505,國揚實業股份有限公司,建材營造,7.58,新台幣                 10.0000元,14277915,5003829,155761,4943067
1100421,109,4,2506,太平洋建設股份有限公司,建材營造,-0.15,新台幣                 10.0000元,2949552,-23556,91365,34394
1100421,109,4,2509,全坤建設開發股份有限公司,建材營造,1.03,新台幣                 10.0000元,1338077,334235,-64101,231789
1100421,109,4,2511,太子建設開發股份有限公司,建材營造,0.49,新台幣                 10.0000元,11963426,171708,617704,729513
1100421,109,4,2514,龍邦國際興業股份有限公司,其他,3.05,新台幣                 10.0000元,10776324,337179,894341,1128337
1100421,109,4,2515,中華工程股份有限公司,建材營造,0.4,新台幣                 10.0000元,13470962,375047,418185,598847
1100421,109,4,2516,新亞建設開發股份有限公司,建材營造,-3.11,新台幣                 10.0000元,6303705,-830673,146239,-704543
1100421,109,4,2520,冠德建設股份有限公司,建材營造,6.8,新台幣                 10.0000元,27345405,5168832,-280033,3905137
1100421,109,4,2524,京城建設股份有限公司,建材營造,4.48,新台幣                 10.0000元,8667849,2174701,-241777,1684892
1100421,109,4,2527,宏璟建設股份有限公司,建材營造,1.49,新台幣                 10.0000元,3471930,408033,-11538,373736
1100421,109,4,2528,皇普建設股份有限公司,建材營造,-0.73,新台幣                 10.0000元,1174984,-206795,-3078,-210459
1100421,109,4,2530,大華建設股份有限公司,建材營造,-0.32,新台幣                 10.0000元,87377,-63943,-30717,-95668
1100421,109,4,2534,宏盛建設股份有限公司,建材營造,1.12,新台幣                 10.0000元,2771905,729879,-72660,610066
1100421,109,4,2535,達欣工程股份有限公司,建材營造,3.74,新台幣                 10.0000元,15108083,1279902,42375,1121231
1100421,109,4,2536,宏普建設股份有限公司,建材營造,1.84,新台幣                 10.0000元,3977450,814395,-67005,612668
1100421,109,4,2537,聯上開發股份有限公司,建材營造,0.59,新台幣                 10.0000元,1476336,211341,-29243,176390
1100421,109,4,2538,基泰建設股份有限公司,建材營造,-0.32,新台幣                 10.0000元,506739,-25866,-86450,-125610
1100421,109,4,2539,櫻花建設股份有限公司,建材營造,1.48,新台幣                 10.0000元,4616492,1051119,-18463,822140
1100421,109,4,2540,愛山林建設開發股份有限公司,建材營造,6.18,新台幣                 10.0000元,4778150,1304023,-112829,906148
1100421,109,4,2542,興富發建設股份有限公司,建材營造,2.11,新台幣                 10.0000元,24463018,4136357,-820200,2823254
1100421,109,4,2543,皇昌營造股份有限公司,建材營造,0.15,新台幣                 10.0000元,6406216,79784,-28116,51668
1100421,109,4,2545,皇翔建設股份有限公司,建材營造,5.33,新台幣                 10.0000元,6456420,2073788,-308319,1746646
1100421,109,4,2546,根基營造股份有限公司,建材營造,5.91,新台幣                 10.0000元,14130629,769772,12420,626444
1100421,109,4,2547,日勝生活科技股份有限公司,建材營造,0.69,新台幣                 10.0000元,6772332,452500,549158,667285
1100421,109,4,2548,華固建設股份有限公司,建材營造,10.05,新台幣                 10.0000元,11338494,3112279,82377,2772769
1100421,109,4,2597,潤弘精密工程事業股份有限公司,建材營造,7.48,新台幣                 10.0000元,14468066,1155907,183813,1089458
1100421,109,4,2601,益航股份有限公司,貿易百貨,-0.42,新台幣                 10.0000元,6441828,316584,-687902,-321142
1100421,109,4,2603,長榮海運股份有限公司,航運業,5.06,新台幣                 10.0000元,207077912,34667864,-2828035,28767310
1100421,109,4,2605,新興航運股份有限公司,航運業,0.24,新台幣                 10.0000元,3985650,695907,-331940,255092
1100421,109,4,2606,裕民航運股份有限公司,航運業,1.04,新台幣                 10.0000元,8507364,509343,323509,878425
1100421,109,4,2607,長榮國際儲運股份有限公司,航運業,0.64,新台幣                 10.0000元,6966387,744984,81375,682563
1100421,109,4,2608,嘉里大榮物流股份有限公司,航運業,3.21,新台幣                 10.0000元,12344210,1961928,6090,1570394
1100421,109,4,2609,陽明海運股份有限公司,航運業,4.51,新台幣                 10.0000元,151276683,19460192,-3310149,12186788
1100421,109,4,2610,中華航空股份有限公司,航運業,0.03,新台幣                 10.0000元,115250550,2184416,-2838213,-279814
1100421,109,4,2611,志信國際股份有限公司,航運業,-0.1,新台幣                 10.0000元,605824,-148941,88695,-60982
1100421,109,4,2612,中國航運股份有限公司,航運業,1.67,新台幣                 10.0000元,3131115,171511,180548,329039
1100421,109,4,2613,中國貨櫃運輸股份有限公司,航運業,0.23,新台幣                 10.0000元,2830493,177809,-142005,30773
1100421,109,4,2614,東森國際股份有限公司,貿易百貨,0.94,新台幣                 10.0000元,4728014,-10155,319874,493106
1100421,109,4,2615,萬海航運股份有限公司,航運業,5.1,新台幣                 10.0000元,81880182,12781658,1468337,11357488
1100421,109,4,2616,山隆通運股份有限公司,油電燃氣業,2.73,新台幣                 10.0000元,15955500,387149,75992,379889
1100421,109,4,2617,台灣航業股份有限公司,航運業,1.24,新台幣                 10.0000元,2491088,461188,251159,518147
1100421,109,4,2618,長榮航空股份有限公司,航運業,-0.69,新台幣                 10.0000元,89048776,-827124,-3491812,-3276719
1100421,109,4,2630,亞洲航空股份有限公司,航運業,0.32,新台幣                 10.0000元,3895091,-40241,73469,42388
1100421,109,4,2633,台灣高速鐵路股份有限公司,航運業,1.04,新台幣                 10.0000元,39137205,11806685,-6387374,5843037
1100421,109,4,2634,漢翔航空工業股份有限公司,航運業,0.42,新台幣                 10.0000元,21042937,179824,299799,395858
1100421,109,4,2636,台驊國際投資控股股份有限公司,航運業,4.72,新台幣                 10.0000元,15160243,695906,5104,570727
1100421,109,4,2637,慧洋海運股份有限公司,航運業,0.15,新台幣                 10.0000元,11939433,1498019,-1370760,111414
1100421,109,4,2642,台灣宅配通股份有限公司,航運業,2.19,新台幣                 10.0000元,3983309,244755,12868,209015
1100421,109,4,2701,萬華企業股份有限公司,觀光事業,0.39,新台幣                 10.0000元,264691,137940,71668,174120
1100421,109,4,2702,華園飯店股份有限公司,觀光事業,-2.45,新台幣                 10.0000元,741703,-199426,-294434,-270309
1100421,109,4,2704,國賓大飯店股份有限公司,觀光事業,0.01,新台幣                 10.0000元,2008699,-276011,281245,3255
1100421,109,4,2705,六福開發股份有限公司,觀光事業,-2.01,新台幣                 10.0000元,1490520,-376993,-406,-374392
1100421,109,4,2706,第一華僑大飯店股份有限公司,觀光事業,0.32,新台幣                 10.0000元,264866,165374,35748,160741
1100421,109,4,2707,晶華國際酒店股份有限公司,觀光事業,5.18,新台幣                 10.0000元,5422910,734073,147062,732868
1100421,109,4,2712,遠雄悅來大飯店股份有限公司,觀光事業,0.93,新台幣                 10.0000元,573115,100143,14595,97370
1100421,109,4,2722,夏都國際開發股份有限公司,觀光事業,0.79,新台幣                 10.0000元,736669,84706,18674,85030
1100421,109,4,2723,開曼美食達人股份有限公司,觀光事業,5.64,新台幣                 10.0000元,19679455,1590116,-183426,998224
1100421,109,4,2727,王品餐飲股份有限公司,觀光事業,4.61,新台幣                 10.0000元,15233747,555330,-209815,255926
1100421,109,4,2731,雄獅旅行社股份有限公司,觀光事業,-5.9,新台幣                 10.0000元,6545177,-958006,374337,-415013
1100421,109,4,2739,寒舍餐旅管理顧問股份有限公司,觀光事業,-3.15,新台幣                 10.0000元,2806550,-417184,-69455,-351467
1100421,109,4,2748,雲品國際酒店股份有限公司,觀光事業,1.44,新台幣                 10.0000元,1833643,91043,30936,108891
1100421,109,4,2801,彰化商業銀行股份有限公司,金融保險業,0.68,新台幣                 10.0000元,27317092,0,0,7040927
1100421,109,4,2809,京城商業銀行股份有限公司,金融保險業,4.9,新台幣                 10.0000元,8906920,0,0,5490971
1100421,109,4,2812,台中商業銀行股份有限公司,金融保險業,1.03,新台幣                 10.0000元,11643742,0,0,4025533
1100421,109,4,2816,旺旺友聯產物保險股份有限公司,金融保險業,3.14,新台幣                 10.0000元,8237782,673890,32162,702097
1100421,109,4,2820,中華票券金融股份有限公司,金融保險業,1.18,新台幣                 10.0000元,2507171,0,0,1578242
1100421,109,4,2823,中國人壽保險股份有限公司,金融保險業,3.29,新台幣                 10.0000元,323248432,15704820,-67957,15547836
1100421,109,4,2832,台灣產物保險股份有限公司,金融保險業,1.9,新台幣                 10.0000元,5396686,770399,2540,687595
1100421,109,4,2834,臺灣中小企業銀行股份有限公司,金融保險業,0.63,新台幣                 10.0000元,21869442,0,0,4701775
1100421,109,4,2836,高雄銀行股份有限公司,金融保險業,0.68,新台幣                 10.0000元,3725355,0,0,763315
1100421,109,4,2838,聯邦商業銀行股份有限公司,金融保險業,0.96,新台幣                 10.0000元,14430362,0,0,3441505
1100421,109,4,2841,台灣土地開發股份有限公司,建材營造,-2.41,新台幣                 10.0000元,334804,-551583,-1297157,-1829001
1100421,109,4,2845,遠東國際商業銀行股份有限公司,金融保險業,0.73,新台幣                 10.0000元,11217486,0,0,2518703
1100421,109,4,2849,安泰商業銀行股份有限公司,金融保險業,1.11,新台幣                 10.0000元,5846961,0,0,2171460
1100421,109,4,2850,新光產物保險股份有限公司,金融保險業,5.16,新台幣                 10.0000元,16510114,1915800,13844,1629724
1100421,109,4,2851,中央再保險股份有限公司,金融保險業,2.57,新台幣                 10.0000元,17656923,1786314,2322,1515729
1100421,109,4,2852,第一產物保險股份有限公司,金融保險業,0.51,新台幣                 10.0000元,5854672,208051,-2106,152882
1100421,109,4,2855,統一綜合證券股份有限公司,金融保險業,2.58,新台幣                 10.0000元,9581272,3607110,375712,3614596
1100421,109,4,2867,三商美邦人壽保險股份有限公司,金融保險業,0.61,新台幣                 10.0000元,157231964,1562375,177936,1444538
1100421,109,4,2880,華南金融控股股份有限公司,金融保險業,0.67,新台幣                 10.0000元,39964524,0,0,8653483
1100421,109,4,2881,富邦金融控股股份有限公司,金融保險業,8.54,新台幣                 10.0000元,476506085,0,0,90971677
1100421,109,4,2882,國泰金融控股股份有限公司,金融保險業,5.41,新台幣                 10.0000元,629914485,0,0,75958223
1100421,109,4,2883,中華開發金融控股股份有限公司,金融保險業,0.87,新台幣                 10.0000元,224790453,0,0,20676286
1100421,109,4,2884,玉山金融控股股份有限公司,金融保險業,1.43,新台幣                 10.0000元,56249044,0,0,18047856
1100421,109,4,2885,元大金融控股股份有限公司,金融保險業,1.99,新台幣                 10.0000元,115628866,0,0,25977044
1100421,109,4,2886,兆豐金融控股股份有限公司,金融保險業,1.84,新台幣                 10.0000元,60809922,0,0,25017968
1100421,109,4,2887,台新金融控股股份有限公司,金融保險業,1.17,新台幣                 10.0000元,44144849,0,0,14488827
1100421,109,4,2888,新光金融控股股份有限公司,金融保險業,1.12,新台幣                 10.0000元,268137149,0,0,14459259
1100421,109,4,2889,國票金融控股股份有限公司,金融保險業,1.12,新台幣                 10.0000元,8570151,0,0,3734919
1100421,109,4,2890,永豐金融控股股份有限公司,金融保險業,1.09,新台幣                 10.0000元,38990753,0,0,12241354
1100421,109,4,2891,中國信託金融控股股份有限公司,金融保險業,2.15,新台幣                 10.0000元,194406321,0,0,42855155
1100421,109,4,2892,第一金融控股股份有限公司,金融保險業,1.31,新台幣                 10.0000元,59568228,0,0,16807541
1100421,109,4,2897,王道商業銀行股份有限公司,金融保險業,0.41,新台幣                 10.0000元,8056491,0,0,2300929
1100421,109,4,2901,欣欣大眾市場股份有限公司,貿易百貨,0.19,新台幣                 10.0000元,108989,8461,8821,14087
1100421,109,4,2903,遠東百貨股份有限公司,貿易百貨,1.38,新台幣                 10.0000元,37287949,4084964,-1084193,2544897
1100421,109,4,2904,匯僑股份有限公司,其他,2.31,新台幣                 10.0000元,540837,181537,3252,159718
1100421,109,4,2905,三商投資控股股份有限公司,貿易百貨,1.63,新台幣                 10.0000元,210659310,0,0,2522479
1100421,109,4,2906,高林實業股份有限公司,貿易百貨,0.15,新台幣                 10.0000元,6607185,257531,44905,209254
1100421,109,4,2908,特力股份有限公司,貿易百貨,1.6,新台幣                 10.0000元,41790703,1148873,-190235,806869
1100421,109,4,2910,統領百貨股份有限公司,貿易百貨,0.65,新台幣                 10.0000元,554440,161818,-5575,114159
1100421,109,4,2911,麗嬰房股份有限公司,貿易百貨,-1.72,新台幣                 10.0000元,4025561,-325772,45082,-317238
1100421,109,4,2912,統一超商股份有限公司,貿易百貨,9.85,新台幣                 10.0000元,258494907,12144973,1665483,11340258
1100421,109,4,2913,台灣農林股份有限公司,貿易百貨,-0.02,新台幣                 10.0000元,311765,-147563,115015,-17351
1100421,109,4,2915,潤泰全球股份有限公司,貿易百貨,14.85,新台幣                 10.0000元,2736394,52265,9397934,8091349
1100421,109,4,2923,鼎固控股有限公司,建材營造,0.68,新台幣                 10.0000元,13419916,3298885,-603290,1177355
1100421,109,4,2936,客思達股份有限公司,貿易百貨,3.24,新台幣                 10.0000元,10314597,334748,-103411,246332
1100421,109,4,2939,凱羿國際集團股份有限公司,貿易百貨,0.2,新台幣                 10.0000元,1837782,91333,-39287,3114
1100421,109,4,3002,歐格電子工業股份有限公司,電腦及週邊設備業,0.57,新台幣                 10.0000元,818717,6851,59910,51031
1100421,109,4,3003,健和興端子股份有限公司,電子零組件業,2.32,新台幣                 10.0000元,3382931,595815,-121723,366958
1100421,109,4,3004,豐達科技股份有限公司(原宏達),鋼鐵工業,1.14,新台幣                 10.0000元,1704031,33645,17421,59832
1100421,109,4,3005,神基科技股份有限公司,電腦及週邊設備業,4.4,新台幣                 10.0000元,27837743,3115781,125159,2668793
1100421,109,4,3006,晶豪科技股份有限公司,半導體業,3.85,新台幣                 10.0000元,15267139,1154785,98915,1084441
1100421,109,4,3008,大立光電股份有限公司,光電業,182.9,新台幣                 10.0000元,55944489,32032118,-338351,24534131
1100421,109,4,3010,華立企業股份有限公司,電子通路業,8.03,新台幣                 10.0000元,59080920,2107915,527720,2046116
1100421,109,4,3011,今皓實業股份有限公司,電子零組件業,-0.8,新台幣                 10.0000元,1320863,-95416,-5486,-90140
1100421,109,4,3013,晟銘電子科技股份有限公司,電腦及週邊設備業,0.4,新台幣                 10.0000元,6124518,191559,-82811,80176
1100421,109,4,3014,聯陽半導體股份有限公司,半導體業,5.83,新台幣                 10.0000元,4817829,1113703,9531,935476
1100421,109,4,3015,全漢企業股份有限公司,電子零組件業,3.55,新台幣                 10.0000元,14796460,462337,471707,692075
1100421,109,4,3016,嘉晶電子股份有限公司,半導體業,0.09,新台幣                 10.0000元,4039180,11488,8371,25693
1100421,109,4,3017,奇鋐科技股份有限公司,電腦及週邊設備業,5.42,新台幣                 10.0000元,39665534,3260132,-327230,2074700
1100421,109,4,3018,同開科技工程股份有限公司,其他電子業,-0.8,新台幣                 10.0000元,1633103,-60541,-19121,-67479
1100421,109,4,3019,亞洲光學股份有限公司,光電業,1.41,新台幣                 10.0000元,15760061,893922,-80546,608006
1100421,109,4,3021,鴻名企業股份有限公司,電子零組件業,1.03,新台幣                 10.0000元,2717038,170569,-21929,95988
1100421,109,4,3022,威強電工業電腦股份有限公司,電腦及週邊設備業,5.64,新台幣                 10.0000元,5947577,893300,367993,996362
1100421,109,4,3023,信邦電子股份有限公司,電子零組件業,9.08,新台幣                 10.0000元,21797542,2649177,78689,2183500
1100421,109,4,3024,憶聲電子股份有限公司,光電業,0.17,新台幣                 10.0000元,1280877,44061,29920,43498
1100421,109,4,3025,星通資訊股份有限公司,通信網路業,1.11,新台幣                 10.0000元,598096,94784,-1128,78648
1100421,109,4,3026,禾伸堂企業股份有限公司,電子零組件業,8.31,新台幣                 10.0000元,14830428,1509857,81734,1229790
1100421,109,4,3027,盛達電業股份有限公司,通信網路業,0.32,新台幣                 10.0000元,849824,39479,-1823,34861
1100421,109,4,3028,增你強股份有限公司,電子通路業,2.21,新台幣                 10.0000元,34401169,426977,128079,472025
1100421,109,4,3029,零壹科技股份有限公司,資訊服務業,3.55,新台幣                 10.0000元,9834318,504640,49335,440398
1100421,109,4,3030,德律科技股份有限公司,其他電子業,4.63,新台幣                 10.0000元,4950695,1437325,-64080,1092656
1100421,109,4,3031,佰鴻工業股份有限公司,光電業,0.74,新台幣                 10.0000元,1375687,107740,74349,133115
1100421,109,4,3032,偉訓科技股份有限公司,電子零組件業,4.21,新台幣                 10.0000元,9233174,605072,108147,559643
1100421,109,4,3033,威健實業股份有限公司,電子通路業,1.9,新台幣                 10.0000元,58413402,976203,-43115,699309
1100421,109,4,3034,聯詠科技股份有限公司,半導體業,19.42,新台幣                 10.0000元,79955520,14777598,-228624,11817239
1100421,109,4,3035,智原科技股份有限公司,半導體業,1.08,新台幣                 10.0000元,5495307,149112,164123,255997
1100421,109,4,3036,文曄科技股份有限公司,電子通路業,5.22,新台幣                 10.0000元,353152195,5315969,-517200,3794576
1100421,109,4,3037,欣興電子股份有限公司,電子零組件業,3.74,新台幣                 10.0000元,87892821,4017113,2216992,5317528
1100421,109,4,3038,全台晶像股份有限公司,光電業,1.57,新台幣                 10.0000元,3737299,333952,-59843,232996
1100421,109,4,3040,遠見科技股份有限公司,其他,6.34,新台幣                 10.0000元,154852,39268,396094,399236
1100421,109,4,3041,揚智科技股份有限公司,半導體業,-1.26,新台幣                 10.0000元,2071615,-355352,59149,-240957
1100421,109,4,3042,台灣晶技股份有限公司,電子零組件業,4.61,新台幣                 10.0000元,11048392,1617660,91057,1429287
1100421,109,4,3043,科風股份有限公司,其他電子業,-0.25,新台幣                 10.0000元,1039271,-25918,-18937,-46614
1100421,109,4,3044,健鼎科技股份有限公司,電子零組件業,11.65,新台幣                 10.0000元,55547908,6574342,1182448,6125394
1100421,109,4,3045,台灣大哥大股份有限公司,通信網路業,4.01,新台幣                 10.0000元,132860984,16056160,-598369,12393778
1100421,109,4,3046,建碁股份有限公司,電腦及週邊設備業,-0.93,新台幣                 10.0000元,1756214,-64904,-52,-65391
1100421,109,4,3047,訊舟科技股份有限公司,通信網路業,0.56,新台幣                 10.0000元,6313382,370753,-91338,227249
1100421,109,4,3048,益登科技股份有限公司,電子通路業,3.13,新台幣                 10.0000元,108522967,1303069,-394596,697196
1100421,109,4,3049,和鑫光電股份有限公司,光電業,0.43,新台幣                 10.0000元,3086399,418842,43778,359746
1100421,109,4,3050,鈺德科技股份有限公司,光電業,0.8,新台幣                 10.0000元,964940,182854,-29926,140564
1100421,109,4,3051,力特光電科技股份有限公司,光電業,0.05,新台幣                 10.0000元,2417836,118443,-87245,16464
1100421,109,4,3052,夆典科技開發股份有限公司,建材營造,1.59,新台幣                 10.0000元,5217591,286326,22002,322455
1100421,109,4,3054,立萬利創新股份有限公司,半導體業,-0.16,新台幣                 10.0000元,276879,-103208,89504,-13613
1100421,109,4,3055,蔚華科技股份有限公司,電子通路業,-0.48,新台幣                 10.0000元,3700321,-114926,76725,-36086
1100421,109,4,3056,總太地產開發股份有限公司,建材營造,4.9,新台幣                 10.0000元,4684643,1276748,-4315,1024587
1100421,109,4,3057,喬鼎資訊股份有限公司,電腦及週邊設備業,-0.69,新台幣                 10.0000元,963405,-154756,118994,-47715
1100421,109,4,3058,立德電子股份有限公司,電子零組件業,-0.76,新台幣                 10.0000元,4163616,-144905,43444,-121984
1100421,109,4,3059,華晶科技股份有限公司,光電業,0.6,新台幣                 10.0000元,6102675,85469,155968,161508
1100421,109,4,3060,銘異科技股份有限公司,電腦及週邊設備業,-1.85,新台幣                 10.0000元,3889506,-278822,16836,-281631
1100421,109,4,3062,建漢科技股份有限公司,通信網路業,0.07,新台幣                 10.0000元,4834151,-25482,44306,23575
1100421,109,4,3090,日電貿股份有限公司,電子零組件業,3.36,新台幣                 10.0000元,9241488,886630,-2326,627543
1100421,109,4,3094,聯傑國際股份有限公司,半導體業,0.41,新台幣                 10.0000元,233542,20233,17327,33436
1100421,109,4,3130,一零四資訊科技股份有限公司,資訊服務業,7.8,新台幣                 10.0000元,1634481,287265,15248,256170
1100421,109,4,3138,耀登科技股份有限公司,通信網路業,2.63,新台幣                 10.0000元,1121773,100084,43839,111752
1100421,109,4,3149,正達國際光電股份有限公司,光電業,-1.42,新台幣                 10.0000元,2448536,-436626,146107,-293123
1100421,109,4,3164,景岳生物科技股份有限公司,生技醫療業,0.69,新台幣                 10.0000元,325191,71014,5833,60215
1100421,109,4,3167,大量科技股份有限公司,電機機械,5.23,新台幣                 10.0000元,2427607,202822,252389,415518
1100421,109,4,3189,景碩科技股份有限公司,半導體業,1.21,新台幣                 10.0000元,27098474,1340579,-217310,929443
1100421,109,4,3209,全科科技股份有限公司,電子通路業,2.51,新台幣                 10.0000元,41948823,571878,3538,451051
1100421,109,4,3229,晟鈦股份有限公司,電子零組件業,-2.27,新台幣                 10.0000元,390868,-172436,-63482,-230284
1100421,109,4,3231,緯創資通股份有限公司,電腦及週邊設備業,3.1,新台幣                 10.0000元,845011844,14471062,2374313,12907896
1100421,109,4,3257,虹冠電子工業股份有限公司,半導體業,3.34,新台幣                 10.0000元,1071450,273669,2160,239751
1100421,109,4,3266,昇陽建設企業股份有限公司,建材營造,0.4,新台幣                 10.0000元,3216269,160199,6284,143161
1100421,109,4,3296,勝德國際研發股份有限公司,電子零組件業,0.23,新台幣                 10.0000元,2511738,40629,8496,22475
1100421,109,4,3305,昇貿科技股份有限公司,其他電子業,1.51,新台幣                 10.0000元,5280588,280349,-22895,178533
1100421,109,4,3308,聯德電子股份有限公司,電子零組件業,-0.89,新台幣                 10.0000元,329881,-60633,-24537,-87435
1100421,109,4,3311,閎暉實業股份有限公司,通信網路業,-6.1,新台幣                 10.0000元,1734002,-180454,-124883,-366258
1100421,109,4,3312,弘憶國際股份有限公司,電子通路業,1.58,新台幣                 10.0000元,13678646,275510,-27290,197574
1100421,109,4,3321,同泰電子科技股份有限公司,電子零組件業,-2.15,新台幣                 10.0000元,1858643,-221419,-40921,-272816
1100421,109,4,3338,泰碩電子股份有限公司,電子零組件業,2.58,新台幣                 10.0000元,5257058,366532,-41401,225236
1100421,109,4,3346,麗清科技股份有限公司,汽車工業,0.16,新台幣                 10.0000元,4345852,5865,9724,12315
1100421,109,4,3356,奇偶科技股份有限公司,光電業,1.78,新台幣                 10.0000元,1157285,42621,129600,161277
1100421,109,4,3376,新日興股份有限公司,電子零組件業,9.05,新台幣                 10.0000元,15232783,2697065,-251890,1672971
1100421,109,4,3380,明泰科技股份有限公司,通信網路業,1.03,新台幣                 10.0000元,32170649,897607,21899,725103
1100421,109,4,3383,新世紀光電股份有限公司,光電業,-4.07,新台幣                 10.0000元,551501,-238260,91883,-284890
1100421,109,4,3406,玉晶光電股份有限公司,光電業,27.42,新台幣                 10.0000元,15900157,4558218,-272735,3041011
1100421,109,4,3413,京鼎精密科技股份有限公司,半導體業,14.91,新台幣                 10.0000元,9942056,1635235,-117798,1242002
1100421,109,4,3416,融程電訊股份有限公司,電腦及週邊設備業,3.55,新台幣                 10.0000元,1845525,291227,16335,256062
1100421,109,4,3419,譁裕實業股份有限公司,通信網路業,0.61,新台幣                 10.0000元,1426967,-47139,12857,72526
1100421,109,4,3432,台端興業股份有限公司,電子零組件業,0.49,新台幣                 10.0000元,31533,-22535,69782,32558
1100421,109,4,3437,榮創能源科技股份有限公司,光電業,-0.77,新台幣                 10.0000元,5478884,-106663,8635,-110627
1100421,109,4,3443,創意電子股份有限公司,半導體業,6.34,新台幣                 10.0000元,13569441,963933,37630,850007
1100421,109,4,3450,聯鈞光電股份有限公司,其他電子業,1.65,新台幣                 10.0000元,6208576,888192,-73354,571224
1100421,109,4,3454,晶睿通訊股份有限公司,光電業,2.9,新台幣                 10.0000元,5544433,264779,12057,221507
1100421,109,4,3481,群創光電股份有限公司,光電業,0.17,新台幣                 10.0000元,269911051,1811797,745334,1639824
1100421,109,4,3494,誠研科技股份有限公司,電腦及週邊設備業,-2.44,新台幣                 10.0000元,488725,-508369,-213193,-743751
1100421,109,4,3501,維熹科技股份有限公司,電子零組件業,3.59,新台幣                 10.0000元,4660963,542701,20540,424076
1100421,109,4,3504,揚明光學股份有限公司,光電業,-2.07,新台幣                 10.0000元,3905582,-235569,2780,-236216
1100421,109,4,3515,華擎科技股份有限公司,電腦及週邊設備業,11.3,新台幣                 10.0000元,17911584,1858076,-2293,1508583
1100421,109,4,3518,柏騰科技股份有限公司,其他電子業,-0.71,新台幣                 10.0000元,684598,10297,-12760,-55940
1100421,109,4,3528,安馳科技股份有限公司,電子通路業,3.18,新台幣                 10.0000元,4973228,209272,52171,208922
1100421,109,4,3530,晶相光電股份有限公司,半導體業,3.65,新台幣                 10.0000元,3328695,321577,5662,281438
1100421,109,4,3532,台塑勝高科技股份有限公司,半導體業,3.37,新台幣                 10.0000元,11934697,1837644,-269667,1307911
1100421,109,4,3533,嘉澤端子工業股份有限公司,電子零組件業,26.41,新台幣                 10.0000元,17291332,3707652,-37650,2835589
1100421,109,4,3535,晶彩科技股份有限公司,光電業,-1.29,新台幣                 10.0000元,1141503,-35761,-65016,-101773
1100421,109,4,3536,誠創科技股份有限公司,半導體業,-1.09,新台幣                 10.0000元,532536,-109208,-19337,-128547
1100421,109,4,3543,州巧科技股份有限公司,光電業,-4.5,新台幣                 10.0000元,3120452,36080,123989,-386391
1100421,109,4,3545,敦泰電子股份有限公司,半導體業,3.97,新台幣                 10.0000元,13800348,1030737,126360,983458
1100421,109,4,3550,聯穎科技股份有限公司,電子零組件業,0.94,新台幣                 10.0000元,3597629,122233,19045,81408
1100421,109,4,3557,嘉威生活股份有限公司,其他,10.01,新台幣                 10.0000元,4428573,781522,-29140,723887
1100421,109,4,3563,牧德科技股份有限公司,光電業,15.02,新台幣                 10.0000元,2397855,869096,-64689,654515
1100421,109,4,3576,聯合再生能源股份有限公司,光電業,-2.31,新台幣                 10.0000元,12511034,-4614257,-1121175,-6162307
1100421,109,4,3583,辛耘企業股份有限公司,半導體業,3.8,新台幣                 10.0000元,3580003,464939,-76111,305463
1100421,109,4,3588,通嘉科技股份有限公司,半導體業,1.3,新台幣                 10.0000元,1446599,78248,-2884,60508
1100421,109,4,3591,艾笛森光電股份有限公司,光電業,0.35,新台幣                 10.0000元,1901238,3844,39882,32823
1100421,109,4,3593,力銘科技股份有限公司,電子零組件業,0.9,新台幣                 10.0000元,689786,33305,48654,74849
1100421,109,4,3596,智易科技股份有限公司,通信網路業,8.36,新台幣                 10.0000元,33765295,2283477,54873,1630605
1100421,109,4,3605,宏致電子股份有限公司,電子零組件業,2.26,新台幣                 10.0000元,8062865,348538,-25117,259946
1100421,109,4,3607,谷崧精密工業股份有限公司,電子零組件業,-3.32,新台幣                 10.0000元,3322590,-459016,35934,-424474
1100421,109,4,3617,碩天科技股份有限公司,其他電子業,5.72,新台幣                 10.0000元,9141450,776506,-148612,472882
1100421,109,4,3622,洋華光電股份有限公司,光電業,1.24,新台幣                 10.0000元,926478,-10354,222113,201508
1100421,109,4,3645,達邁科技股份有限公司,電子零組件業,2.76,新台幣                 10.0000元,2013861,417305,-28367,349105
1100421,109,4,3653,健策精密工業股份有限公司,電子零組件業,7.17,新台幣                 10.0000元,6845497,1117527,-62928,847376
1100421,109,4,3661,世芯電子股份有限公司,半導體業,13.61,新台幣                 10.0000元,7078919,987143,98647,834917
1100421,109,4,3665,貿聯控股(BizLink Holding Inc.),其他電子業,14.01,新台幣                 10.0000元,22537767,2445028,-189786,1820296
1100421,109,4,3669,圓展科技股份有限公司,光電業,8.48,新台幣                 10.0000元,4068221,960108,1173,788197
1100421,109,4,3673,"TPK Holding Co., Ltd.",光電業,2.54,新台幣                 10.0000元,114583199,949689,861580,1034373
1100421,109,4,3679,新至陞科技股份有限公司,電子零組件業,11.57,新台幣                 10.0000元,4808261,1069052,-194495,721362
1100421,109,4,3682,亞太電信股份有限公司,通信網路業,-1.53,新台幣                 10.0000元,13587443,-5494305,141869,-5819980
1100421,109,4,3686,達能科技股份有限公司,半導體業,-1.33,新台幣                 10.0000元,104515,-45154,2440,-150964
1100421,109,4,3694,海華科技股份有限公司,通信網路業,2.02,新台幣                 10.0000元,9591767,318475,-14084,304098
1100421,109,4,3701,大眾全球投資控股股份有限公司,電腦及週邊設備業,-0.21,新台幣                 10.0000元,7404268,-58784,77743,-12689
1100421,109,4,3702,大聯大投資控股股份有限公司,電子通路業,4.77,新台幣                 10.0000元,609885871,10049868,-162315,8200504
1100421,109,4,3703,欣陸投資控股股份有限公司,建材營造,1.87,新台幣                 10.0000元,21688649,1761685,-41073,1632937
1100421,109,4,3704,合勤投資控股股份有限公司,通信網路業,1.91,新台幣                 10.0000元,22250630,1292694,-116806,831001
1100421,109,4,3705,永信國際投資控股股份有限公司,生技醫療業,2.97,新台幣                 10.0000元,8084664,961106,63384,781134
1100421,109,4,3706,神達投資控股股份有限公司,電腦及週邊設備業,2.45,新台幣                 10.0000元,41145756,74383,2905693,2850785
1100421,109,4,3708,上緯國際投資控股股份有限公司,化學工業,6.82,新台幣                 10.0000元,9867900,784117,164644,728305
1100421,109,4,3711,日月光投資控股股份有限公司,半導體業,6.47,新台幣                 10.0000元,476978710,34876082,857597,29276780
1100421,109,4,3712,永崴投資控股股份有限公司,電腦及週邊設備業,0.34,新台幣                 10.0000元,7053361,-220654,512107,179775
1100421,109,4,4104,佳醫健康事業股份有限公司,生技醫療業,4.06,新台幣                 10.0000元,6675494,529070,300313,669086
1100421,109,4,4106,雃博股份有限公司,生技醫療業,1.04,新台幣                 10.0000元,2004025,98936,25908,105377
1100421,109,4,4108,懷特生技新藥股份有限公司,生技醫療業,-0.54,新台幣                 10.0000元,91810,-170437,54177,-118655
1100421,109,4,4119,旭富製藥科技股份有限公司,生技醫療業,4.53,新台幣                 10.0000元,2689222,1051578,-596363,360124
1100421,109,4,4133,亞諾法生技股份有限公司,生技醫療業,0.6,新台幣                 10.0000元,456449,57668,-8619,36526
1100421,109,4,4137,麗豐股份有限公司,生技醫療業,12.09,新台幣                 10.0000元,4055996,1120266,273695,959636
1100421,109,4,4141,龍燈環球農業科技有限公司,生技醫療業,-2.94,新台幣                 10.0000元,9222322,413858,-892855,-509140
1100421,109,4,4142,國光生物科技股份有限公司,生技醫療業,3.03,新台幣                 10.0000元,1869147,-25814,1223078,1197264
1100421,109,4,4148,全宇生技控股有限公司,生技醫療業,1.28,新台幣                 10.0000元,1642783,102711,46960,98168
1100421,109,4,4155,訊映光電股份有限公司,生技醫療業,1.56,新台幣                 10.0000元,1484413,126100,25556,121303
1100421,109,4,4164,承業生醫投資控股股份有限公司,生技醫療業,2.53,新台幣                 10.0000元,2554911,513106,-49110,362912
1100421,109,4,4190,佐登妮絲集團股份有限公司,生技醫療業,4.41,新台幣                 10.0000元,2731429,396915,-19796,257725
1100421,109,4,4306,炎洲股份有限公司,塑膠工業,1.51,新台幣                 10.0000元,13948716,712300,230819,778905
1100421,109,4,4414,如興股份有限公司,紡織纖維,-0.16,新台幣                 10.0000元,17077832,222356,-324684,-112835
1100421,109,4,4426,利勤實業股份有限公司,紡織纖維,-0.63,新台幣                 10.0000元,1217165,-157026,2529,-108638
1100421,109,4,4438,廣越企業股份有限公司,紡織纖維,5.2,新台幣                 10.0000元,12188857,280398,406000,557830
1100421,109,4,4439,冠星集團控股有限公司,紡織纖維,13.25,新台幣                 10.0000元,5389194,555037,-17504,416040
1100421,109,4,4526,東台精機股份有限公司,電機機械,-1.36,新台幣                 10.0000元,7778541,-670128,156938,-396709
1100421,109,4,4532,瑞智精密股份有限公司,電機機械,1.41,新台幣                 10.0000元,19319962,819805,168210,722644
1100421,109,4,4536,拓凱實業股份有限公司,其他,7.48,新台幣                 10.0000元,7234362,1413740,-211012,792471
1100421,109,4,4540,全球傳動科技股份有限公司,電機機械,0.96,新台幣                 10.0000元,2740221,185695,-55272,91424
1100421,109,4,4545,銘鈺精密工業股份有限公司,電子零組件業,0.39,新台幣                 10.0000元,1921700,114066,-60602,29987
1100421,109,4,4551,智伸科技股份有限公司,汽車工業,7.19,新台幣                 10.0000元,7160275,1176385,-136576,771395
1100421,109,4,4552,力達控股有限公司,電機機械,2.22,新台幣                 10.0000元,4384823,397495,3348,257784
1100421,109,4,4555,台灣氣立股份有限公司,電機機械,2.04,新台幣                 10.0000元,1582138,164500,12215,142372
1100421,109,4,4557,永新控股股份有限公司,汽車工業,3.61,新台幣                 10.0000元,1491678,198886,-28636,139131
1100421,109,4,4560,強信機械科技股份有限公司,電機機械,1.12,新台幣                 10.0000元,1257464,125506,-20954,76196
1100421,109,4,4562,穎漢科技股份有限公司,電機機械,-2.23,新台幣                 10.0000元,658110,-133192,-19834,-152490
1100421,109,4,4564,元翎精密工業股份有限公司,電機機械,1.65,新台幣                 10.0000元,2062150,399498,-17941,298017
1100421,109,4,4566,時碩工業股份有限公司,電機機械,1.49,新台幣                 10.0000元,3515226,153809,-37175,99881
1100421,109,4,4571,鈞興機電國際股份有限公司,電機機械,6,新台幣                 10.0000元,2065404,346514,-22229,285393
1100421,109,4,4572,駐龍精密機械股份有限公司,電機機械,0.92,新台幣                 10.0000元,350169,47481,-4647,32788
1100421,109,4,4576,大銀微系統股份有限公司,電機機械,1.14,新台幣                 10.0000元,2451961,188340,-12937,153555
1100421,109,4,4581,World Known MFG(Cayman)Limited,汽車工業,2.06,新台幣                 10.0000元,863749,78839,7970,68565
1100421,109,4,4720,德淵企業股份有限公司,化學工業,0.78,新台幣                 10.0000元,3162668,136830,7613,101811
1100421,109,4,4722,國精化學股份有限公司,化學工業,2.83,新台幣                 10.0000元,3822858,339570,27128,281318
1100421,109,4,4737,華廣生技股份有限公司,生技醫療業,1.06,新台幣                 10.0000元,1668586,21121,9990,63520
1100421,109,4,4739,康普材料科技股份有限公司,化學工業,1.73,新台幣                 10.0000元,5285365,216302,-9868,165645
1100421,109,4,4746,台耀化學股份有限公司,生技醫療業,3.78,新台幣                 10.0000元,3075457,28013,333155,329178
1100421,109,4,4755,三福化工股份有限公司,化學工業,4.36,新台幣                 10.0000元,3818716,470903,31317,399473
1100421,109,4,4763,濟南大自然新材料股份有限公司,化學工業,10.07,新台幣                 10.0000元,2353380,499215,53635,509581
1100421,109,4,4764,雙鍵化工股份有限公司,化學工業,0.81,新台幣                 10.0000元,2632875,89682,20302,62801
1100421,109,4,4766,南寶樹脂化學工廠股份有限公司,化學工業,10.12,新台幣                 10.0000元,15551344,1501700,104392,1267122
1100421,109,4,4807,日成控股股份有限公司,貿易百貨,2.31,新台幣                 10.0000元,1765557,114895,9399,97648
1100421,109,4,4904,遠傳電信股份有限公司,通信網路業,2.56,新台幣                 10.0000元,79500965,11037699,-845231,8444622
1100421,109,4,4906,正文科技股份有限公司,通信網路業,3.86,新台幣                 10.0000元,19929372,467913,1105259,1407574
1100421,109,4,4912,聯德控股股份有限公司,電子零組件業,9.57,新台幣                 10.0000元,5471250,685261,-42244,454923
1100421,109,4,4915,致伸科技股份有限公司,電子零組件業,4.3,新台幣                 10.0000元,68240939,2299797,178640,1944267
1100421,109,4,4916,事欣科技股份有限公司,電腦及週邊設備業,-1.78,新台幣                 10.0000元,3377878,-111611,-53878,-180876
1100421,109,4,4919,新唐科技股份有限公司,半導體業,1.81,新台幣                 10.0000元,20668056,322282,421143,532785
1100421,109,4,4927,泰鼎國際股份有限公司,電子零組件業,6.31,新台幣                 10.0000元,11832513,1194111,44566,1203755
1100421,109,4,4930,燦星網通股份有限公司,電器電纜,2.23,新台幣                 10.0000元,9466877,819442,14527,612482
1100421,109,4,4934,太極能源科技股份有限公司,光電業,0.01,新台幣                 10.0000元,2193597,-5148,-11888,-5340
1100421,109,4,4935,茂林光電科技(開曼)股份有限公司,光電業,10.35,新台幣                 10.0000元,11205768,1575457,-88150,1355051
1100421,109,4,4938,和碩聯合科技股份有限公司,電腦及週邊設備業,7.73,新台幣                 10.0000元,1399332906,19062736,10380547,22419552
1100421,109,4,4942,嘉彰股份有限公司,光電業,4.76,新台幣                 10.0000元,7263201,902481,44089,676365
1100421,109,4,4943,開曼康而富控股股份有限公司,電子零組件業,-0.93,新台幣                 10.0000元,4304546,-38532,-110741,-185647
1100421,109,4,4952,凌通科技股份有限公司,半導體業,2.59,新台幣                 10.0000元,2899677,323372,6162,282037
1100421,109,4,4956,光鋐科技股份有限公司,光電業,0.16,新台幣                 10.0000元,1302811,14257,4024,16164
1100421,109,4,4958,臻鼎科技控股股份有限公司,電子零組件業,8.9,新台幣                 10.0000元,131278537,14140216,-346226,11508290
1100421,109,4,4960,誠美材料科技股份有限公司,光電業,-0.13,新台幣                 10.0000元,9456875,-269648,179071,-91471
1100421,109,4,4961,天鈺科技股份有限公司,半導體業,4.07,新台幣                 10.0000元,10879700,793248,43092,731828
1100421,109,4,4967,十銓科技股份有限公司,半導體業,2.06,新台幣                 10.0000元,7501914,189568,-9330,141292
1100421,109,4,4968,立積電子股份有限公司,半導體業,13.82,新台幣                 10.0000元,5350200,1007952,9155,866216
1100421,109,4,4976,佳凌科技股份有限公司,光電業,-0.5,新台幣                 10.0000元,1371127,-69346,7385,-56832
1100421,109,4,4977,眾達科技股份有限公司,通信網路業,8.02,新台幣                 10.0000元,3339200,456968,100189,538647
1100421,109,4,4989,李長榮科技股份有限公司,電子零組件業,0.22,新台幣                 10.0000元,2796303,68381,-25478,34323
1100421,109,4,4994,傳奇網路遊戲股份有限公司,資訊服務業,3.91,新台幣                 10.0000元,3246437,558956,-6515,432923
1100421,109,4,4999,鑫禾科技股份有限公司,電子零組件業,5.66,新台幣                 10.0000元,2940744,655253,-110178,420879
1100421,109,4,5007,三星科技股份有限公司,鋼鐵工業,2.04,新台幣                 10.0000元,5072643,657363,102454,615656
1100421,109,4,5203,訊連科技股份有限公司,資訊服務業,2.26,新台幣                 10.0000元,1640662,237449,16167,188421
1100421,109,4,5215,科嘉(開曼)股份有限公司,電腦及週邊設備業,13.11,新台幣                 10.0000元,3718647,1070522,-47075,742244
1100421,109,4,5225,東科控股股份有限公司,其他電子業,-11.09,新台幣                 10.0000元,8941255,-605086,-75972,-676356
1100421,109,4,5234,達興材料股份有限公司,光電業,6.15,新台幣                 10.0000元,4296103,733386,-11904,631304
1100421,109,4,5243,乙盛精密工業股份有限公司,光電業,2.74,新台幣                 10.0000元,9889935,674021,-61992,460937
1100421,109,4,5258,虹堡科技股份有限公司,電腦及週邊設備業,2.23,新台幣                 10.0000元,3734514,223281,51739,208003
1100421,109,4,5269,祥碩科技股份有限公司,半導體業,44.16,新台幣                 10.0000元,6987470,2472712,872207,2927912
1100421,109,4,5283,禾聯碩股份有限公司,電器電纜,12.73,新台幣                 10.0000元,6032747,1097065,77475,940023
1100421,109,4,5284,經寶精密控股股份有限公司,其他,2.65,新台幣                 10.0000元,1259442,113840,14612,117284
1100421,109,4,5285,界霖科技股份有限公司,半導體業,1.37,新台幣                 10.0000元,4347192,225568,-59645,129038
1100421,109,4,5288,開曼商豐祥控股股份有限公司,電機機械,8.4,新台幣                 10.0000元,4658907,614527,104080,553202
1100421,109,4,5388,中磊電子股份有限公司,通信網路業,3.66,新台幣                 10.0000元,36096281,1135039,-25902,900626
1100421,109,4,5434,崇越科技股份有限公司,電子通路業,11.38,新台幣                 10.0000元,36167994,2061711,497715,2065325
1100421,109,4,5469,瀚宇博德股份有限公司,電子零組件業,6.15,新台幣                 10.0000元,45704270,5363582,422230,4095395
1100421,109,4,5471,松翰科技股份有限公司,半導體業,6.11,新台幣                 10.0000元,5370626,1236163,2059,1025601
1100421,109,4,5484,慧友電子股份有限公司,光電業,-0.71,新台幣                 10.0000元,310453,-82971,42538,-48080
1100421,109,4,5515,建國工程股份有限公司,建材營造,1.43,新台幣                 10.0000元,6762818,221871,161941,374744
1100421,109,4,5519,隆大營建事業股份有限公司,建材營造,2.07,新台幣                 10.0000元,3409980,515407,22727,453059
1100421,109,4,5521,工信工程股份有限公司,建材營造,2.26,新台幣                 10.0000元,7159730,1149068,-83845,1007121
1100421,109,4,5522,遠雄建設事業股份有限公司,建材營造,4.86,新台幣                 10.0000元,26845946,5099964,-182940,3838255
1100421,109,4,5525,順天建設股份有限公司,建材營造,0.17,新台幣                 10.0000元,1000376,17207,31712,44132
1100421,109,4,5531,鄉林建設事業股份有限公司,建材營造,0.17,新台幣                 10.0000元,5915557,405691,-255433,107806
1100421,109,4,5533,皇鼎建設開發股份有限公司,建材營造,0.85,新台幣                 10.0000元,3834898,313418,-40563,242758
1100421,109,4,5534,長虹建設股份有限公司,建材營造,9.02,新台幣                 10.0000元,9197553,2504834,282592,2619876
1100421,109,4,5538,開曼東明控股股份有限公司,鋼鐵工業,2.94,新台幣                 10.0000元,9171338,693083,-102484,494824
1100421,109,4,5546,永固集團股份有限公司,建材營造,10.05,新台幣                 10.0000元,5373642,886872,32529,731809
1100421,109,4,5607,遠雄自貿港投資控股股份有限公司,航運業,2.01,新台幣                 10.0000元,1907389,675504,-79081,588084
1100421,109,4,5608,四維航業股份有限公司,航運業,-3.27,新台幣                 10.0000元,2670823,-687898,-314667,-1007168
1100421,109,4,5706,鳳凰國際旅行社股份有限公司,觀光事業,0.15,新台幣                 10.0000元,489508,-46931,63558,13477
1100421,109,4,5871,中租控股股份有限公司,其他,12.2,新台幣                 10.0000元,59477759,23675886,989608,17538421
1100421,109,4,5876,上海商業儲蓄銀行股份有限公司,金融保險業,3.01,新台幣                 10.0000元,37831777,0,0,17814616
1100421,109,4,5880,合作金庫金融控股股份有限公司,金融保險業,1.24,新台幣                 10.0000元,51765987,0,0,17134991
1100421,109,4,5906,台南生活(開曼)股份有限公司,貿易百貨,2.35,新台幣                 10.0000元,1783704,98477,15379,81142
1100421,109,4,5907,Grand Ocean RetailGroupLimited,貿易百貨,-0.62,新台幣                 10.0000元,4790864,246480,-427889,-122122
1100421,109,4,6005,群益金鼎證券股份有限公司,金融保險業,1.64,新台幣                 10.0000元,9724095,3252195,1130505,3840679
1100421,109,4,6024,群益期貨股份有限公司,金融保險業,3.07,新台幣                 10.0000元,2425823,371097,413409,622344
1100421,109,4,6108,競國實業股份有限公司,電子零組件業,-0.52,新台幣                 10.0000元,8308167,233098,-314762,-83160
1100421,109,4,6112,聚碩科技股份有限公司,資訊服務業,2.91,新台幣                 10.0000元,13512521,649970,80180,576099
1100421,109,4,6115,鎰勝工業股份有限公司,電子零組件業,2.58,新台幣                 10.0000元,6174144,847473,-72901,481262
1100421,109,4,6116,瀚宇彩晶股份有限公司,光電業,1.25,新台幣                 10.0000元,19553306,2708979,1159605,3835096
1100421,109,4,6117,迎廣科技股份有限公司,電腦及週邊設備業,-0.86,新台幣                 10.0000元,2202994,-70149,-18582,-91303
1100421,109,4,6120,達運精密工業股份有限公司,光電業,-1.86,新台幣                 10.0000元,14290244,-1578661,170725,-1240799
1100421,109,4,6128,上福全球科技股份有限公司,電腦及週邊設備業,1.16,新台幣                 10.0000元,4239384,61914,135076,148632
1100421,109,4,6131,鈞泰國際股份有限公司,光電業,0.46,新台幣                 10.0000元,15310,-30280,44055,13116
1100421,109,4,6133,金橋科技股份有限公司,電子零組件業,0.02,新台幣                 10.0000元,947499,-49983,45659,1919
1100421,109,4,6136,富爾特科技股份有限公司,通信網路業,0.48,新台幣                 10.0000元,652952,-33873,87079,56309
1100421,109,4,6139,亞翔工程股份有限公司,其他電子業,1.52,新台幣                 10.0000元,13916562,-129653,402083,209927
1100421,109,4,6141,柏承科技股份有限公司,電子零組件業,2.67,新台幣                 10.0000元,3267428,316585,79162,345825
1100421,109,4,6142,友勁科技股份有限公司,通信網路業,-1.89,新台幣                 10.0000元,3291260,-503091,68116,-434942
1100421,109,4,6152,百一電子股份有限公司,通信網路業,0.13,新台幣                 10.0000元,3054963,-53962,78336,24056
1100421,109,4,6153,嘉聯益科技股份有限公司,電子零組件業,1.18,新台幣                 10.0000元,16037113,411481,176415,657018
1100421,109,4,6155,鈞寶電子工業股份有限公司,電子零組件業,0.39,新台幣                 10.0000元,606740,42494,-2335,34073
1100421,109,4,6164,華興電子工業股份有限公司,光電業,-0.17,新台幣                 10.0000元,760612,-58120,17044,-16680
1100421,109,4,6165,浪凡網路科技股份有限公司,電子零組件業,1.16,新台幣                 10.0000元,845362,-11799,83114,62392
1100421,109,4,6166,凌華科技股份有限公司,電腦及週邊設備業,1.12,新台幣                 10.0000元,9635678,474846,-124034,241648
1100421,109,4,6168,宏齊科技股份有限公司,光電業,0.7,新台幣                 10.0000元,2507351,223902,-39694,143646
1100421,109,4,6172,互億科技股份有限公司,電腦及週邊設備業,0.4,新台幣                 10.0000元,518477,-2238,14844,12095
1100421,109,4,6176,瑞儀光電股份有限公司,光電業,11.24,新台幣                 10.0000元,56093201,7996245,-1050681,5227665
1100421,109,4,6177,達麗建設事業股份有限公司,建材營造,0.5,新台幣                 10.0000元,2103343,167648,-1389,149496
1100421,109,4,6183,關貿網路股份有限公司,資訊服務業,2.25,新台幣                 10.0000元,1899439,421316,-1369,337210
1100421,109,4,6184,大豐有線電視股份有限公司,其他,3.38,新台幣                 10.0000元,2005196,661176,-27874,501248
1100421,109,4,6189,豐藝電子股份有限公司,電子通路業,2.99,新台幣                 10.0000元,26710813,1032481,-284866,604676
1100421,109,4,6191,精成科技股份有限公司,電子零組件業,3.42,新台幣                 10.0000元,22816306,2357679,-5431,1665915
1100421,109,4,6192,巨路國際股份有限公司,其他電子業,6.96,新台幣                 10.0000元,5934549,959697,-18098,744132
1100421,109,4,6196,帆宣系統科技股份有限公司,其他電子業,4.88,新台幣                 10.0000元,25119857,1201498,-51748,875502
1100421,109,4,6197,佳必琪國際股份有限公司,電子零組件業,2.13,新台幣                 10.0000元,3582522,380294,-49208,270395
1100421,109,4,6201,亞弘電科技股份有限公司,其他電子業,3.35,新台幣                 10.0000元,3511749,387828,-19116,298681
1100421,109,4,6202,盛群半導體股份有限公司,半導體業,4.56,新台幣                 10.0000元,5614539,1124132,137276,1048117
1100421,109,4,6205,詮欣股份有限公司,電子零組件業,2.01,新台幣                 10.0000元,1334922,173136,5390,142062
1100421,109,4,6206,飛捷科技股份有限公司,電腦及週邊設備業,4.12,新台幣                 10.0000元,4432961,701392,38570,597928
1100421,109,4,6209,今國光學工業股份有限公司,光電業,-1.33,新台幣                 10.0000元,2979162,-213036,-864,-216792
1100421,109,4,6213,聯茂電子股份有限公司,電子零組件業,8.19,新台幣                 10.0000元,25421687,3218206,176315,2665565
1100421,109,4,6214,精誠資訊股份有限公司,資訊服務業,6.72,新台幣                 10.0000元,23735090,924873,926306,1675722
1100421,109,4,6215,和椿科技股份有限公司,其他電子業,0.96,新台幣                 10.0000元,1603098,72977,35359,78965
1100421,109,4,6216,居易科技股份有限公司,通信網路業,1.27,新台幣                 10.0000元,841245,145320,-19740,108723
1100421,109,4,6224,聚鼎科技股份有限公司,電子零組件業,5.01,新台幣                 10.0000元,1767267,423925,57562,400635
1100421,109,4,6225,天瀚科技股份有限公司,光電業,-0.05,新台幣                 10.0000元,23202,-6542,-218,-6760
1100421,109,4,6226,光鼎電子股份有限公司,光電業,-0.39,新台幣                 10.0000元,809208,-12182,-41925,-52067
1100421,109,4,6230,尼得科超眾科技股份有限公司,電腦及週邊設備業,9.06,新台幣                 10.0000元,9123421,1082676,-5713,782398
1100421,109,4,6235,華孚科技股份有限公司,電腦及週邊設備業,3.85,新台幣                 10.0000元,1997427,-29127,735713,649834
1100421,109,4,6239,力成科技股份有限公司,半導體業,8.6,新台幣                 10.0000元,76180649,10718170,-323219,8178977
1100421,109,4,6243,迅杰科技股份有限公司,半導體業,-0.82,新台幣                 10.0000元,636513,-25572,-35786,-61358
1100421,109,4,6251,定穎電子股份有限公司,電子零組件業,2.58,新台幣                 10.0000元,12624101,548775,229108,679065
1100421,109,4,6257,矽格股份有限公司,半導體業,4.22,新台幣                 10.0000元,12428549,2338745,-60169,1926589
1100421,109,4,6269,台郡科技股份有限公司,電子零組件業,8.63,新台幣                 10.0000元,29897996,3439319,357622,2934043
1100421,109,4,6271,同欣電子工業股份有限公司,半導體業,7.88,新台幣                 10.0000元,10178002,2005447,-156642,1450675
1100421,109,4,6277,宏正自動科技股份有限公司,電腦及週邊設備業,12.55,新台幣                 10.0000元,4823613,608350,1084968,1501978
1100421,109,4,6278,台灣表面黏著科技股份有限公司,光電業,7.5,新台幣                 10.0000元,41405758,2500065,387812,2188249
1100421,109,4,6281,全國電子股份有限公司,電子通路業,5.87,新台幣                 10.0000元,19476255,740850,-10838,581932
1100421,109,4,6282,康舒科技股份有限公司,電子零組件業,2.54,新台幣                 10.0000元,20983757,391210,1934437,1397900
1100421,109,4,6283,淳安電子股份有限公司,其他電子業,-0.25,新台幣                 10.0000元,1675786,-183788,97828,-85483
1100421,109,4,6285,啟碁科技股份有限公司,通信網路業,3.76,新台幣                 10.0000元,62648731,1472463,253289,1466920
1100421,109,4,6288,聯嘉光電股份有限公司,汽車工業,0.85,新台幣                 10.0000元,3776717,188519,-14993,143588
1100421,109,4,6289,華上光電股份有限公司,光電業,-0.79,新台幣                 10.0000元,77932,-136056,62822,-73234
1100421,109,4,6405,悅城科技股份有限公司,光電業,1.32,新台幣                 10.0000元,441734,-82156,199466,87165
1100421,109,4,6409,旭隼科技股份有限公司,其他電子業,25.31,新台幣                 10.0000元,13652564,2730474,-80923,2197144
1100421,109,4,6412,群光電能科技股份有限公司,電子零組件業,5.52,新台幣                 10.0000元,34863027,2825919,-104462,2127220
1100421,109,4,6414,樺漢科技股份有限公司,電腦及週邊設備業,12.13,新台幣                 10.0000元,84091485,3674025,302542,3155383
1100421,109,4,6415,矽力杰股份有限公司,半導體業,35.72,新台幣                 10.0000元,13876445,3108914,215881,3241795
1100421,109,4,6416,瑞祺電通股份有限公司,通信網路業,5.29,新台幣                 10.0000元,5465855,548138,3244,416837
1100421,109,4,6426,統新光訊股份有限公司,通信網路業,3.58,新台幣                 10.0000元,710777,181491,-14124,137872
1100421,109,4,6431,光麗光電科技股份有限公司,光電業,-1.38,新台幣                 10.0000元,152753,-64354,4840,-62874
1100421,109,4,6438,迅得機械股份有限公司,其他電子業,6.35,新台幣                 10.0000元,3395005,496856,9062,379262
1100421,109,4,6442,光紅建聖股份有限公司,通信網路業,-0.57,新台幣                 10.0000元,2413548,27283,-72969,-38051
1100421,109,4,6443,元晶太陽能科技股份有限公司,光電業,-0.74,新台幣                 10.0000元,4623829,-295041,-30362,-284866
1100421,109,4,6449,鈺邦科技股份有限公司,電子零組件業,3.1,新台幣                 10.0000元,2384625,386898,-41474,261615
1100421,109,4,6451,訊芯科技控股股份有限公司,半導體業,6.88,新台幣                 10.0000元,4849689,961606,44765,719556
1100421,109,4,6456,GIS Holding Limited,光電業,11.04,新台幣                 10.0000元,127104736,2538301,1369821,3730920
1100421,109,4,6464,台灣數位光訊科技股份有限公司,其他,8.54,新台幣                 10.0000元,4328920,1460352,-140756,1067431
1100421,109,4,6477,安集科技股份有限公司,光電業,2.65,新台幣                 10.0000元,2085142,329990,-24130,263449
1100421,109,4,6491,晶碩光學股份有限公司,生技醫療業,10.22,新台幣                 10.0000元,3978413,855688,-10834,715359
1100421,109,4,6504,南六企業股份有限公司,其他,20.02,新台幣                 10.0000元,9371410,2076654,-84066,1453723
1100421,109,4,6505,台塑石化股份有限公司,油電燃氣業,0.78,新台幣                 10.0000元,415281764,2768768,5896281,7372455
1100421,109,4,6515,穎崴科技股份有限公司,半導體業,17.42,新台幣                 10.0000元,2909821,667838,-5742,530965
1100421,109,4,6525,捷敏股份有限公司,半導體業,5.31,新台幣                 10.0000元,3750121,919572,-59655,684661
1100421,109,4,6531,愛普科技股份有限公司,半導體業,11,新台幣                 10.0000元,3549497,519746,420609,820983
1100421,109,4,6533,晶心科技股份有限公司,半導體業,0.82,新台幣                 10.0000元,581012,37622,1068,35142
1100421,109,4,6541,泰福生技股份有限公司,生技醫療業,-7.84,新台幣                 10.0000元,300,-2099577,-4635,-2104236
1100421,109,4,6552,易華電子股份有限公司,半導體業,1.57,新台幣                 10.0000元,2646853,182506,6651,148328
1100421,109,4,6558,興能高科技股份有限公司,其他電子業,0.72,新台幣                 10.0000元,1792597,103375,-25248,62389
1100421,109,4,6573,虹揚發展科技股份有限公司,半導體業,-2.54,新台幣                 10.0000元,1615250,-185049,-23402,-237460
1100421,109,4,6579,研揚科技股份有限公司,電腦及週邊設備業,3.58,新台幣                 10.0000元,5898185,620592,-17854,464171
1100421,109,4,6581,台灣鋼聯股份有限公司,其他,3.66,新台幣                 10.0000元,1622229,531497,-7890,407534
1100421,109,4,6582,申豐特用應材股份有限公司,橡膠工業,16.85,新台幣                 10.0000元,5268419,2201860,3718,1777831
1100421,109,4,6591,動力科技股份有限公司,電腦及週邊設備業,5.66,新台幣                 10.0000元,1578165,298993,-37022,163871
1100421,109,4,6592,和潤企業股份有限公司,其他,5.01,新台幣                 10.0000元,14665572,3205417,429179,2792480
1100421,109,4,6598,Applied BioCode Corporation,生技醫療業,-1.33,新台幣                 10.0000元,299015,-133514,30042,-103496
1100421,109,4,6605,帝寶工業股份有限公司,汽車工業,3.56,新台幣                 10.0000元,14260153,1027208,-253355,551800
1100421,109,4,6625,必應創造股份有限公司,其他,-3.3,新台幣                 10.0000元,795225,-148658,19404,-131861
1100421,109,4,6641,基士德科技股份有限公司,其他,6.52,新台幣                 10.0000元,1846674,262105,28844,215511
1100421,109,4,6655,科定企業股份有限公司,其他,4.09,新台幣                 10.0000元,2088346,372442,-38183,294938
1100421,109,4,6666,羅麗芬控股股份有限公司,生技醫療業,2.2,新台幣                 10.0000元,844885,59218,53035,103916
1100421,109,4,6668,中揚光電股份有限公司,光電業,1.85,新台幣                 10.0000元,1689699,208676,-26500,123054
1100421,109,4,6669,緯穎科技服務股份有限公司,電腦及週邊設備業,49.25,新台幣                 10.0000元,186927647,11241854,-354435,8609657
1100421,109,4,6670,復盛應用科技股份有限公司,其他,8.62,新台幣                 10.0000元,14229734,1640505,-165849,1212881
1100421,109,4,6671,三能集團控股股份有限公司,其他,3.66,新台幣                 10.0000元,1913403,275420,9054,220416
1100421,109,4,6672,騰輝電子國際集團股份有限公司,電子零組件業,5.28,新台幣                 10.0000元,4830183,532006,-61066,373253
1100421,109,4,6674,鋐寶科技股份有限公司,通信網路業,0.7,新台幣                 10.0000元,2704414,23065,21956,46723
1100421,109,4,6698,旭暉應用材料股份有限公司,其他電子業,0.07,新台幣                 10.0000元,620635,42391,15473,27586
1100421,109,4,6706,惠特科技股份有限公司,光電業,5.12,新台幣                 10.0000元,3159682,439663,-35848,342846
1100421,109,4,6715,嘉基科技股份有限公司,電子零組件業,4.77,新台幣                 10.0000元,2404160,402803,-45058,279530
1100421,109,4,6743,安普新股份有限公司,其他電子業,4.4,新台幣                 10.0000元,4998255,673173,-68568,495059
1100421,109,4,6754,匯僑室內裝修設計股份有限公司,其他,3.43,新台幣                 10.0000元,3117134,354409,23358,213206
1100421,109,4,6756,威鋒電子股份有限公司,半導體業,5.29,新台幣                 10.0000元,1969592,385638,-27981,318484
1100421,109,4,6776,展碁國際股份有限公司,電子通路業,2.63,新台幣                 10.0000元,17281341,176950,59602,194218
1100421,109,4,6781,"AES Holding Co., Ltd.",電子零組件業,14.17,新台幣                 10.0000元,6306568,1226423,-25153,906913
1100421,109,4,8011,台通光電股份有限公司,通信網路業,-0.19,新台幣                 10.0000元,1437057,-31866,-16472,-66739
1100421,109,4,8016,矽創電子股份有限公司,半導體業,11.53,新台幣                 10.0000元,13804562,2383048,140578,2164113
1100421,109,4,8021,尖點科技股份有限公司,其他電子業,1.98,新台幣                 10.0000元,2973426,468306,-1857,304257
1100421,109,4,8028,昇陽國際半導體股份有限公司,半導體業,1.02,新台幣                 10.0000元,2442176,75892,18283,115558
1100421,109,4,8033,雷虎科技股份有限公司,其他,0.03,新台幣                 10.0000元,908235,-2833,44045,24471
1100421,109,4,8039,台虹科技股份有限公司,電子零組件業,3.7,新台幣                 10.0000元,8766318,1042885,-77088,784353
1100421,109,4,8046,南亞電路板股份有限公司,電子零組件業,5.67,新台幣                 10.0000元,38512743,4107541,-104483,3665917
1100421,109,4,8070,長華電材股份有限公司,電子通路業,1.56,新台幣                  1.0000元,16424018,1321077,292289,1362120
1100421,109,4,8072,陞泰科技股份有限公司,電子通路業,-0.15,新台幣                 10.0000元,1222174,2883,-3699,-3395
1100421,109,4,8081,致新科技股份有限公司,半導體業,12.24,新台幣                 10.0000元,7407799,1358725,-44934,1097448
1100421,109,4,8101,華冠通訊股份有限公司,通信網路業,-3.06,新台幣                 10.0000元,3056058,-698325,54978,-643349
1100421,109,4,8103,瀚荃股份有限公司,電子零組件業,2.7,新台幣                 10.0000元,3134712,385588,-41309,214340
1100421,109,4,8104,錸寶科技股份有限公司,光電業,3.06,新台幣                 10.0000元,1638051,191449,70358,207781
1100421,109,4,8105,凌巨科技股份有限公司,光電業,-2.47,新台幣                 10.0000元,7159043,-775475,-213336,-1090187
1100421,109,4,8110,華東科技股份有限公司,半導體業,0.51,新台幣                 10.0000元,5965534,-93554,320301,254887
1100421,109,4,8112,至上電子股份有限公司,電子通路業,4.22,新台幣                 10.0000元,137509979,2320009,11243,1834350
1100421,109,4,8114,振樺電子股份有限公司,電腦及週邊設備業,1.65,新台幣                 10.0000元,8089642,467067,-254813,106018
1100421,109,4,8131,福懋科技股份有限公司,半導體業,3.17,新台幣                 10.0000元,9706776,1685283,17529,1402677
1100421,109,4,8150,南茂科技股份有限公司,半導體業,3.26,新台幣                 10.0000元,23011381,3566502,-593143,2367483
1100421,109,4,8163,達方電子股份有限公司,電腦及週邊設備業,3.23,新台幣                 10.0000元,22349528,1134325,90366,953347
1100421,109,4,8201,無敵科技股份有限公司,其他電子業,-0.76,新台幣                 10.0000元,1065712,-63064,15458,-47675
1100421,109,4,8210,勤誠興業股份有限公司,電腦及週邊設備業,8.16,新台幣                 10.0000元,7544545,963193,239960,973547
1100421,109,4,8213,志超科技股份有限公司,電子零組件業,7.28,新台幣                 10.0000元,22847267,1657127,1168858,1911734
1100421,109,4,8215,明基材料股份有限公司,光電業,1.23,新台幣                 10.0000元,15049948,547373,-37594,395973
1100421,109,4,8222,寶一科技股份有限公司,電機機械,-0.58,新台幣                 10.0000元,397072,-56997,13542,-39467
1100421,109,4,8249,菱光科技股份有限公司,電子零組件業,1.5,新台幣                 10.0000元,3399884,162115,101048,190268
1100421,109,4,8261,富鼎先進電子股份有限公司,半導體業,2.44,新台幣                 10.0000元,3125776,239941,-16329,196348
1100421,109,4,8271,宇瞻科技股份有限公司,半導體業,2.88,新台幣                 10.0000元,7152222,345419,25250,290460
1100421,109,4,8341,日友環保科技股份有限公司,其他,8.91,新台幣                 10.0000元,2906727,1244023,24064,993948
1100421,109,4,8367,建新國際股份有限公司,航運業,2.73,新台幣                 10.0000元,1903290,302910,15975,263881
1100421,109,4,8374,羅昇企業股份有限公司,電機機械,0.78,新台幣                 10.0000元,2754448,125189,-16044,87180
1100421,109,4,8404,百和興業股份有限公司(開曼),其他,1.63,新台幣                 10.0000元,6552677,1066197,-81527,583357
1100421,109,4,8411,福貞控股股份有限公司,其他,0.38,新台幣                 10.0000元,5792494,136627,4602,67130
1100421,109,4,8422,可寧衛股份有限公司,其他,10.81,新台幣                 10.0000元,2680539,1447300,40424,1173798
1100421,109,4,8427,基勝（開曼）控股股份有限公司,其他,-1.15,新台幣                 10.0000元,3233341,-128908,-60955,-120191
1100421,109,4,8429,金麗集團控股有限公司,貿易百貨,-2.7,新台幣                 10.0000元,378255,-611987,57290,-499900
1100421,109,4,8442,威宏控股股份有限公司,其他,-2.56,新台幣                 10.0000元,3741653,-112415,-42974,-153406
1100421,109,4,8443,阿瘦實業股份有限公司,貿易百貨,-2.81,新台幣                 10.0000元,1366916,-234331,15633,-187756
1100421,109,4,8454,富邦媒體科技股份有限公司,貿易百貨,13.87,新台幣                 10.0000元,67198104,2219090,171703,1938938
1100421,109,4,8462,柏文健康事業股份有限公司,觀光事業,5.67,新台幣                 10.0000元,3679560,551368,-42800,408631
1100421,109,4,8463,潤泰精密材料股份有限公司,其他,0.87,新台幣                 10.0000元,3298720,163836,-5341,130619
1100421,109,4,8464,億豐綜合工業股份有限公司,其他,16.36,新台幣                 10.0000元,24414306,6959599,-392905,4976676
1100421,109,4,8466,美吉吉國際股份有限公司,其他,4.22,新台幣                 10.0000元,2882490,405124,-43317,277571
1100421,109,4,8467,波力環球企業股份有限公司,其他,0.48,新台幣                 10.0000元,1035590,27194,-8691,23704
1100421,109,4,8473,山林水環境工程股份有限公司,其他,1.15,新台幣                 10.0000元,4486977,561890,-158937,264778
1100421,109,4,8478,東哥企業股份有限公司,其他,1.04,新台幣                 10.0000元,4224774,227363,-108075,94453
1100421,109,4,8480,泰昇國際(控股)有限公司,其他,9.96,新台幣                 10.0000元,1895124,355198,87069,391080
1100421,109,4,8481,政伸企業股份有限公司,其他,12.51,新台幣                 10.0000元,1376062,283855,761189,832878
1100421,109,4,8482,商億全球控股有限公司,其他,6.05,新台幣                 10.0000元,3830398,670256,12818,648900
1100421,109,4,8488,吉源控股股份有限公司,其他,0.75,新台幣                 10.0000元,2791573,155576,-16856,50451
1100421,109,4,8499,鼎炫投資控股股份有限公司,其他,12.39,新台幣                 10.0000元,2360994,864157,-61330,634787
1100421,109,4,8926,台灣汽電共生股份有限公司,油電燃氣業,1.81,新台幣                 10.0000元,9313724,469285,651839,1070583
1100421,109,4,8940,新天地國際實業股份有限公司,觀光事業,-0.86,新台幣                 10.0000元,1017093,-94232,-79279,-55211
1100421,109,4,8996,高力熱處理工業股份有限公司,電機機械,1.26,新台幣                 10.0000元,2076359,170279,-15608,112524
1100421,109,4,9802,鈺齊國際股份有限公司,其他,5.06,新台幣                 10.0000元,11345641,1273087,-224101,895514
1100421,109,4,9902,台火開發股份有限公司,其他,0.33,新台幣                 10.0000元,432138,-11658,46223,32481
1100421,109,4,9904,寶成工業股份有限公司,其他,1.64,新台幣                 10.0000元,249954311,-2111078,8072404,3919417
1100421,109,4,9905,大華金屬工業股份有限公司,其他,1.83,新台幣                 10.0000元,7257633,630711,92476,553022
1100421,109,4,9906,欣巴巴事業股份有限公司,建材營造,-1.07,新台幣                 10.0000元,167828,-50411,-38583,-88994
1100421,109,4,9907,統一實業股份有限公司,其他,0.58,新台幣                 10.0000元,29934966,1189132,12674,889165
1100421,109,4,9908,大台北區瓦斯股份有限公司,油電燃氣業,1.64,新台幣                 10.0000元,3542624,606363,400692,867282
1100421,109,4,9910,豐泰企業股份有限公司,其他,5.53,新台幣                 10.0000元,68959738,7069301,577030,5592171
1100421,109,4,9911,台灣櫻花股份有限公司,其他,4.08,新台幣                 10.0000元,6628124,1065095,59520,892567
1100421,109,4,9912,偉聯科技股份有限公司,電腦及週邊設備業,-0.77,新台幣                 10.0000元,538991,-14673,-23417,-38233
1100421,109,4,9914,美利達工業股份有限公司,其他,13.36,新台幣                 10.0000元,27072342,1884222,3356595,4112147
1100421,109,4,9917,中興保全科技股份有限公司,其他,5.42,新台幣                 10.0000元,13706365,2639996,344962,2437228
1100421,109,4,9918,欣欣天然氣股份有限公司,油電燃氣業,1.84,新台幣                 10.0000元,1986369,307245,85316,326745
1100421,109,4,9919,康那香企業股份有限公司,其他,4.5,新台幣                 10.0000元,5086762,839194,220255,879968
1100421,109,4,9921,巨大機械工業股份有限公司,其他,13.19,新台幣                 10.0000元,70010849,6858273,-25407,5175909
1100421,109,4,9924,台灣福興工業股份有限公司,其他,4.37,新台幣                 10.0000元,9033976,1219309,-114171,832650
1100421,109,4,9925,台灣新光保全股份有限公司,其他,2.31,新台幣                 10.0000元,7195005,856662,270933,951265
1100421,109,4,9926,新海瓦斯股份有限公司,油電燃氣業,2.34,新台幣                 10.0000元,2197817,439706,70992,419729
1100421,109,4,9927,泰銘實業股份有限公司,其他,1.68,新台幣                 10.0000元,8536948,477851,-28200,354015
1100421,109,4,9928,中國電視事業股份有限公司,其他,-0.18,新台幣                 10.0000元,766667,-99779,72640,-27139
1100421,109,4,9929,秋雨創新股份有限公司,其他,6.94,新台幣                 10.0000元,749997,26239,948982,870262
1100421,109,4,9930,中聯資源股份有限公司,其他,3.07,新台幣                 10.0000元,9970633,967615,-20578,773023
1100421,109,4,9931,欣高石油氣股份有限公司,油電燃氣業,1.73,新台幣                 10.0000元,1232504,159430,80950,193302
1100421,109,4,9933,中鼎工程股份有限公司,其他,1.01,新台幣                 10.0000元,55558409,2057279,-293259,1305146
1100421,109,4,9934,成霖企業股份有限公司,其他,0.81,新台幣                 10.0000元,16775209,465479,-819,287487
1100421,109,4,9935,慶豐富實業股份有限公司,其他,2.15,新台幣                 10.0000元,6022518,598866,-119165,363877
1100421,109,4,9937,全國加油站股份有限公司,油電燃氣業,2.57,新台幣                 10.0000元,18357564,709055,259670,774721
1100421,109,4,9938,台灣百和工業股份有限公司,其他,5.21,新台幣                 10.0000元,14645277,2809032,-125450,1800435
1100421,109,4,9939,宏全國際股份有限公司,其他,5.72,新台幣                 10.0000元,19348249,2189846,-34533,1730740
1100421,109,4,9940,信義房屋股份有限公司,其他,2.11,新台幣                 10.0000元,13061441,2111524,75000,1569168
1100421,109,4,9941,裕融企業股份有限公司,其他,8.85,新台幣                 10.0000元,29632864,3571307,135338,2897250
1100421,109,4,9942,茂順密封元件科技股份有限公司,其他,4.64,新台幣                 10.0000元,2874514,480722,58008,388910
1100421,109,4,9943,好樂迪股份有限公司,觀光事業,4.41,新台幣                 10.0000元,2748625,548815,211348,651294
1100421,109,4,9944,新麗企業股份有限公司,其他,0.69,新台幣                 10.0000元,2347804,95555,57875,90366
1100421,109,4,9945,潤泰創新國際股份有限公司,其他,5.88,新台幣                 10.0000元,19084589,2085007,8693455,9275392
1100421,109,4,9946,三發地產股份有限公司(原:金革),建材營造,0.57,新台幣                 10.0000元,1491772,209575,11177,182975
1100421,109,4,9955,佳龍科技工程股份有限公司,其他,-1.19,新台幣                 10.0000元,3004576,-130057,6324,-123303
1100421,109,4,9958,世紀鋼鐵結構股份有限公司,鋼鐵工業,4.38,新台幣                 10.0000元,6408626,1523328,-46756,1172997
